Company,Item,Category,Calories,"Calories from
Fat",Total Fat (g),Saturated Fat (g),Trans Fat (g),Cholesterol (mg),Sodium (mg),Carbs (g),Fiber (g),Sugars (g),Protein (g),"Weight Watchers
Pnts"
McDonald’s,Salad Dressings,Food,,,,,,,,,,,,
McDonald’s,Hamburger Happy Meal,Food,475,,16,5.5 g,0,40,690,62,2,20,22,
McDonald’s,4 Piece Chicken McNuggets Happy Meal,Food,395,,17,3.5,0,35,510,41,1,14,19,
McDonald’s,6 Piece Chicken McNuggets Happy Meal,Food,475,,22,4.5,0,50,680,46,2,14,24,
McDonald’s,Dasani Water,Drink,0,0,0,0,0,0,0,0,0,0,0,0
Burger King,Coca Cola classic,Drink,NA,NA,NA,NA,NA,NA,NA,NA,NA,NA,NA,NA
Burger King,Diet Coke,Drink,NA,NA,NA,NA,NA,NA,NA,NA,NA,NA,NA,NA
Burger King,16 fl oz,Drink,0,0,0,0,0,0,70,0,0,0.1,0,0
Burger King,20 fl oz,Drink,0,0,0,0,0,0,85,0,0,0.1,0,0
Burger King,29 fl oz,Drink,0,0,0,0,0,0,120,0,0,0.1,0,0
Burger King,38 fl oz,Drink,0,0,0,0,0,0,160,0,0,0.1,0,0
Burger King,Sprite,Drink,NA,NA,NA,NA,NA,NA,NA,NA,NA,NA,NA,NA
Burger King,Dr. Pepper,Drink,NA,NA,NA,NA,NA,NA,NA,NA,NA,NA,NA,NA
Burger King,Barq’s Root Beer,Drink,NA,NA,NA,NA,NA,NA,NA,NA,NA,NA,NA,NA
Burger King,Cherry Coke,Drink,NA,NA,NA,NA,NA,NA,NA,NA,NA,NA,NA,NA
Burger King,Fanta Orange,Drink,NA,NA,NA,NA,NA,NA,NA,NA,NA,NA,NA,NA
Burger King,Hi-C Fruit Punch,Drink,NA,NA,NA,NA,NA,NA,NA,NA,NA,NA,NA,NA
Burger King,MINUTE MAID Light Lemonade,Drink,NA,NA,NA,NA,NA,NA,NA,NA,NA,NA,NA,NA
Burger King,16 fl oz,Drink,10,0,0,0,0,0,60,3,0,0.1,0,0
Burger King,20 fl oz,Drink,10,0,0,0,0,0,70,4,0,0.1,0,0
Burger King,29 fl oz,Drink,15,0,0,0,0,0,105,5,0,0.1,0,0
Burger King,38 fl oz,Drink,20,0,0,0,0,0,135,7,0,0.1,0,0
Burger King,Sweet Tea,Drink,NA,NA,NA,NA,NA,NA,NA,NA,NA,NA,NA,NA
Burger King,Unsweetened Tea,Drink,NA,NA,NA,NA,NA,NA,NA,NA,NA,NA,NA,NA
Burger King,20 fl oz,Drink,0,0,0,0,0,0,0,0,0,0.1,0,0
Burger King,29 fl oz,Drink,0,0,0,0,0,0,0,0,0,0.1,0,0
Burger King,40 fl oz,Drink,0,0,0,0,0,0,0,0,0,0.1,0,0
Burger King,BK Café Coffee- 12 fl oz,Drink,0,0,0,0,0,0,0,0,0,0.1,0,0
Burger King,BK Café Coffee- 16 fl oz,Drink,0,0,0,0,0,0,0,0,0,0.1,0,0
Burger King,BK Café Coffee- 20 fl oz,Drink,0,0,0,0,0,0,0,0,0,0.1,0,0
Burger King,BK Café Decaf Coffee- 12 fl oz,Drink,0,0,0,0,0,0,0,0,0,0.1,0,0
Burger King,BK Café Decaf Coffee- 16 fl oz,Drink,0,0,0,0,0,0,0,0,0,0.1,0,0
Burger King,BK Café Decaf Coffee- 20 fl oz,Drink,0,0,0,0,0,0,0,0,0,0.1,0,0
Wendy’s,"Brewed Unsweetened Iced Tea, Medium",Drink,0,,0,0,0,0,15,1,0,0.1,0,0
Wendy’s,"Brewed Unsweetened Iced Tea, Small",Drink,0,,0,0,0,0,10,1,0,0.1,0,0
Wendy’s,"Coca-Cola Zero Sugar, Large",Drink,0,,0,0,0,0,100,1,0,0.1,0,0
Wendy’s,"Coca-Cola Zero Sugar, Medium",Drink,0,,0,0,0,0,80,1,0,0.1,0,0
Wendy’s,"Coca-Cola Zero Sugar, Small",Drink,0,,0,0,0,0,50,0,0,0.1,0,0
Wendy’s,"Diet Coke, Large",Drink,0,,0,0,0,0,125,1,0,0.1,0,0
Wendy’s,"Diet Coke, Medium",Drink,0,,0,0,0,0,100,1,0,0.1,0,0
Wendy’s,"Diet Coke, Small",Drink,0,,0,0,0,0,45,0,0,0.1,0,0
Wendy’s,Hot Tea,Drink,0,,0,0,0,0,0,1,0,0.1,0,0
KFC,Diet Dr Pepper (12 fl oz),Drink,0,,0,0,0,0,70,0,0,0.1,0,0
KFC,Diet Dr Pepper (16 fl oz),Drink,0,,0,0,0,0,95,0,0,0.1,0,0
KFC,Diet Dr Pepper (20 fl oz),Drink,0,,0,0,0,0,120,0,0,0.1,0,0
KFC,Diet Dr Pepper (30 fl oz),Drink,0,,0,0,0,0,180,0,0,0.1,0,0
KFC,Diet Mist Twst (12 fl oz),Drink,0,,0,0,0,0,35,0,0,0.1,0,0
KFC,Diet Mist Twst (16 fl oz),Drink,0,,0,0,0,0,50,0,0,0.1,0,0
KFC,Diet Mist Twst (20 fl oz),Drink,0,,0,0,0,0,60,0,0,0.1,0,0
KFC,Diet Mountain Dew (12 fl oz),Drink,0,,0,0,0,0,55,1,0,0.1,0,0
KFC,Diet Pepsi (12 fl oz),Drink,0,,0,0,0,0,55,0,0,0.1,0,0
KFC,Diet Pepsi (16 fl oz),Drink,0,,0,0,0,0,75,0,0,0.1,0,0
KFC,Diet Pepsi (20 fl oz),Drink,0,,0,0,0,0,95,0,0,0.1,0,0
KFC,Diet Pepsi (30 fl oz),Drink,0,,0,0,0,0,140,0,0,0.1,0,0
KFC,Diet Pepsi Wild Cherry Pepsi (12 fl oz),Drink,0,,0,0,0,0,35,0,0,0.1,0,0
KFC,Diet Pepsi Wild Cherry Pepsi (16 fl oz),Drink,0,,0,0,0,0,50,0,0,0.1,0,0
KFC,Diet Pepsi Wild Cherry Pepsi (20 fl oz),Drink,0,,0,0,0,0,60,0,0,0.1,0,0
KFC,Diet Pepsi Wild Cherry Pepsi (30 fl oz),Drink,0,,0,0,0,0,95,0,0,0.1,0,0
KFC,Lipton Brisk No Calorie Peach Iced Green Tea (12 fl oz),Drink,0,,0,0,0,0,105,0,0,0.1,0,0
KFC,Lipton Brisk No Calorie Peach Iced Green Tea (16 fl oz),Drink,0,,0,0,0,0,140,0,0,0.1,0,0
KFC,Lipton Brisk Unsweetened No Lemon Iced Tea (12 fl oz),Drink,0,,0,0,0,0,45,0,0,0.1,0,0
KFC,Lipton Brisk Unsweetened No Lemon Iced Tea (16 fl oz),Drink,0,,0,0,0,0,60,0,0,0.1,0,0
KFC,Lipton Brisk Unsweetened No Lemon Iced Tea (20 fl oz),Drink,0,,0,0,0,0,75,0,0,0.1,0,0
KFC,Lipton Brisk Unsweetened No Lemon Iced Tea (30 fl oz),Drink,0,,0,0,0,0,115,0,0,0.1,0,0
KFC,Pepsi Zero Sugar (12 fl oz),Drink,0,,0,0,0,0,35,0,0,0.1,0,0
KFC,Pepsi Zero Sugar (16 fl oz),Drink,0,,0,0,0,0,50,0,0,0.1,0,0
KFC,Pepsi Zero Sugar (20 fl oz),Drink,0,,0,0,0,0,60,0,0,0.1,0,0
KFC,Pepsi Zero Sugar (30 fl oz),Drink,0,,0,0,0,0,95,1,0,0.1,0,0
KFC,Sobe Lifewater Yumberry Pomegranate (12 fl oz),Drink,0,,0,0,0,0,45,0,0,0.1,0,0
KFC,Sobe Lifewater Yumberry Pomegranate (16 fl oz),Drink,0,,0,0,0,0,65,0,0,0.1,0,0
KFC,Sobe Lifewater Yumberry Pomegranate (20 fl oz),Drink,0,,0,0,0,0,80,0,0,0.1,0,0
Taco Bell,Bacon Club Chalupa,Drink,440,240,27,5,0,50,840,31,2,3,20,
Taco Bell,Blue Raspberry Freeze™ (16 oz),Drink,120,0,0,0,0,0,35,30,0,30,0,
Taco Bell,Blue Raspberry Freeze™ (20 oz),Drink,150,0,0,0,0,0,40,38,0,38,0,
Taco Bell,Loaded Nacho Taco,Drink,250,110,12,4.5,0,25,610,24,3,2,10,
Taco Bell,Midnight Berry Freeze™ (16 oz),Drink,140,0,0,0,0,0,35,35,0,34,0,
Taco Bell,Midnight Berry Freeze™ (20 oz),Drink,170,0,0,0,0,0,40,43,0,42,0,
Taco Bell,Nacho Fries,Food,320,160,18,1.5,0,<5,630,35,4,2,4,
Taco Bell,Nacho Fries BellGrande,Food,710,360,40,6,0,30,1440,73,10,4,13,
Taco Bell,Black Bean Chalupa – Online Exclusive,Food,330,140,15,3,0,10,430,39,5,3,10,
Taco Bell,Black Bean Quesarito – Online Exclusive,Food,630,270,29,10,0,35,1260,73,7,5,19,
Taco Bell,Quesarito – Online Exclusive,Food,650,300,33,12,0.5,55,1390,67,6,5,22,
Taco Bell,Chalupa Supreme – Beef,Food,350,170,18,5,0,25,560,33,4,3,13,
Taco Bell,Chalupa Supreme – Chicken,Food,330,140,15,3.5,0,35,560,31,2,3,16,
Taco Bell,Chalupa Supreme – Steak,Food,330,140,16,4,0,30,530,32,2,3,15,
Taco Bell,Cheesy Gordita Crunch,Food,500,250,28,10,0.5,55,850,41,5,4,20,
Taco Bell,Crunchy Taco,Food,170,80,9,3.5,0,25,310,13,3,<1,8,
Taco Bell,Crunchy Taco Supreme,Food,190,100,11,4.5,0,25,340,15,3,2,8,
Taco Bell,Loaded Nacho Taco (New),Food,250,110,12,4.5,0,25,610,24,3,2,10,
Taco Bell,Nacho Cheese Doritos Locos Taco,Food,170,80,9,3.5,0,25,360,13,3,<1,8,
Taco Bell,Nacho Cheese Doritos Locos Taco Supreme,Food,190,100,11,4.5,0,30,380,15,3,2,8,
Taco Bell,Soft Taco – Beef,Food,180,80,9,4,0,25,500,17,3,1,9,
Taco Bell,Soft Taco – Chicken,Food,160,50,5,2.5,0,30,500,16,1,1,12,
Taco Bell,Soft Taco Supreme,Food,NA,NA,NA,NA,NA,NA,NA,NA,NA,NA,NA,
Taco Bell,Soft Taco – Beef,Food,210,90,10,5,0,25,520,20,3,2,10,
Taco Bell,Soft Taco – Chicken,Food,180,60,7,3.5,0,35,520,18,2,2,13,
Taco Bell,Bean Burrito (V),Food,350,80,9,3.5,0,5,1000,54,11,3,13,
Taco Bell,Beefy 5-Layer Burrito,Food,490,160,18,7,0,30,1250,63,9,5,18,
Taco Bell,Burrito Supreme – Beef,Food,390,130,14,6,0,25,1110,51,9,4,16,
Taco Bell,Burrito Supreme – Chicken,Food,370,100,11,4.5,0,35,1110,49,8,4,19,
Taco Bell,Burrito Supreme – Steak,Food,370,110,12,5,0,30,1090,49,7,4,18,
Taco Bell,Chili Cheese Burrito (regional),Food,370,150,17,8,0,35,970,40,4,2,16,
Taco Bell,Quesarito – Beef,Food,650,300,33,12,0.5,55,1390,67,6,5,22,
Taco Bell,Quesarito – Chicken,Food,620,270,29,11,0,65,1390,66,4,4,25,
Taco Bell,Quesarito – Steak,Food,630,270,30,11,0,60,1370,66,4,4,24,
Taco Bell,Chips and Nacho Cheese Sauce (V),Food,220,120,13,1.5,0,<5,250,24,2,2,2,
Taco Bell,Nacho Fries (V) (New),Food,320,160,18,1.5,0,<5,630,35,4,2,4,
Taco Bell,Nacho Fries BellGrande (New),Food,710,360,40,6,0,30,1440,73,10,4,13,
Taco Bell,Nachos BellGrande – Beef,Food,740,340,38,7,0,25,1050,82,15,5,16,
Taco Bell,Nachos BellGrande – Chicken,Food,720,310,35,6,0,35,1050,81,14,5,20,
Taco Bell,Nachos BellGrande – Steak,Food,720,320,36,6,0,30,1030,81,14,5,19,
Taco Bell,Beef Quesarito,Food,650,300,33,12,0.5,55,1390,67,6,5,22,
Taco Bell,Black Bean Quesarito (V),Food,630,270,29,10,0,35,1260,73,7,5,19,
Taco Bell,Quesadilla – Cheese (V),Food,470,230,25,12,0.5,50,990,37,4,2,19,
Taco Bell,Quesadilla – Chicken,Food,510,240,26,12,0.5,75,1250,38,4,2,27,
Taco Bell,Quesadilla – Steak,Food,520,240,27,12,0.5,70,1230,38,4,2,27,
Taco Bell,Bacon Club Chalupa – Specialties,Food,440,240,27,5,0,50,840,31,2,3,20,
Taco Bell,Black Bean Chalupa – Specialties,Food,330,140,15,3,0,10,430,39,5,3,10,
Taco Bell,Black Bean Crunchwrap Supreme – Specialties,Food,510,160,17,4.5,0,5,1080,77,8,6,13,
Taco Bell,Black Bean Quesarito – Specialties,Food,630,270,29,10,0,35,1260,73,7,5,19,
Taco Bell,Chalupa Supreme – Specialties,Food,350,170,18,5,0,25,560,33,4,3,13,
Taco Bell,Cheesy Gordita Crunch – Specialties,Food,500,250,28,10,0.5,55,850,41,5,4,20,
Taco Bell,Cheesy Roll Up – Specialties,Food,180,80,9,5,0,20,430,15,2,<1,9,
Taco Bell,Crunchwrap Supreme – Specialties,Food,530,190,21,6,0,25,1200,71,6,6,16,
Taco Bell,Crunchy Taco – Specialties,Food,170,80,9,3.5,0,25,310,13,3,<1,8,
Taco Bell,Nacho Cheese Doritos Locos Taco – Specialties,Food,170,80,9,3.5,0,25,360,13,3,<1,8,
Taco Bell,Nachos BellGrande – Specialties,Food,740,340,38,7,0,25,1050,82,15,5,16,
Taco Bell,Power Menu Bowl – Specialties,Food,470,170,19,6,0,70,1200,50,7,2,26,
Taco Bell,Quesadilla – Specialties,Food,510,240,26,12,0.5,75,1250,38,4,2,27,
Taco Bell,Quesarito – Specialties,Food,650,300,33,12,0.5,55,1390,67,6,5,22,
Taco Bell,Soft Taco – Specialties,Food,180,80,9,4,0,25,500,17,3,1,9,
Taco Bell,Soft Taco Supreme – Specialties,Food,210,90,10,5,0,25,520,20,3,2,10,
Taco Bell,Veggie Power Menu Bowl – Specialties,Food,430,160,17,5,0,20,810,57,10,2,12,
Taco Bell,Black Beans & Rice (V),Food,170,30,3.5,0,0,0,320,31,4,0,4,
Taco Bell,Black Beans (V),Food,50,10,1,0,0,0,135,8,3,0,2,
Taco Bell,Cinnabon Delights™ (2 Pk) (V),Food,160,80,9,2,0,5,80,17,0,10,2,
Taco Bell,Cinnabon Delights™ (12 Pk – Serves 4) (V),Food,930,480,53,13,2,40,480,104,3,59,9,
Taco Bell,Cinnamon Twists (V),Food,170,50,6,0,0,0,210,27,<1,13,1,
Taco Bell,Diablo Sauce Packet (V),Food,0,0,0,0,0,0,30,0,0,0,0,
Taco Bell,Fire Sauce Packet (V),Food,0,0,0,0,0,0,55,0,0,0,0,
Taco Bell,Hot Sauce Packet (V),Food,0,0,0,0,0,0,45,0,0,0,0,
Taco Bell,Mild Sauce Packet (V),Food,0,0,0,0,0,0,30,0,0,0,0,
Taco Bell,Blue Raspberry Freeze™ (16 oz) (New),Drink,120,0,0,0,0,0,35,30,0,30,0,
Taco Bell,Blue Raspberry Freeze™ (20 oz) (New),Drink,150,0,0,0,0,0,40,38,0,38,0,
Taco Bell,Dragon Fruit Freeze (16 oz),Drink,190,0,0,0,0,0,50,49,0,47,0,
Taco Bell,Dragon Fruit Freeze (20 oz),Drink,230,0,0,0,0,0,60,59,0,57,0,
Taco Bell,Lowfat Milk – CA (Regional),Drink,100,20,2,1.5,0,10,130,13,0,12,9,
Taco Bell,Lowfat Milk – Federal (Regional),Drink,80,20,2,1.5,0,10,100,10,0,9,7,
Taco Bell,Midnight Berry Freeze™ (16 oz) (New),Drink,140,0,0,0,0,0,35,35,0,34,0,
Taco Bell,Midnight Berry Freeze™ (20 oz) (New),Drink,170,0,0,0,0,0,40,43,0,42,0,
Taco Bell,Mtn Dew Baja Blast Freeze™ (16 oz),Drink,150,0,0,0,0,0,45,41,0,41,0,
Taco Bell,Mtn Dew Baja Blast Freeze™ (20 oz),Drink,190,0,0,0,0,0,55,51,0,51,0,
Taco Bell,Orange Juice,Drink,140,0,0,0,0,0,20,33,<1,28,2,
Taco Bell,Premium Hot Coffee,Drink,10,0,0,0,0,0,0,0,0,0.1,2,
Taco Bell,Regular Iced Coffee,Drink,10,0,0,0,0,0,0,0,0,0.1,2,
Taco Bell,Water,Drink,0,0,0,0,0,0,0,0,0,0.1,0,
Taco Bell,Wild Strawberry Freeze™ (16 oz),Drink,150,0,0,0,0,0,40,41,0,41,0,
Taco Bell,Wild Strawberry Freeze™ (20 oz),Drink,190,0,0,0,0,0,55,51,0,51,0,
Taco Bell,Beef Burrito – Value Menu,Food,430,170,19,5,0,20,970,51,4,3,12,
Taco Bell,Cheesy Bean & Rice Burrito – Value Menu,Food,420,140,16,4,0,<5,880,56,7,3,10,
Taco Bell,Cheesy Roll Up – Value Menu,Food,180,80,9,5,0,20,430,15,2,<1,9,
Taco Bell,Chicken Chipotle Melt – Value Menu,Food,190,80,9,3,0,35,530,15,1,<1,12,
Taco Bell,Chips and Nacho Cheese Sauce – Value Menu,Food,220,120,13,1.5,0,<5,250,24,2,2,2,
Taco Bell,Cinnamon Twists – Value Menu,Food,170,50,6,0,0,0,210,27,<1,13,1,
Taco Bell,Loaded Nacho Taco – Value Menu,Food,250,110,12,4.5,0,25,610,24,3,2,10,
Taco Bell,Bean Burrito,Food,350,80,9,3.5,0,5,1000,54,11,3,13,
Taco Bell,Black Bean Chalupa,Food,330,140,15,3,0,10,430,39,5,3,10,
Taco Bell,Black Bean Crunchwrap Supreme,Food,510,160,17,4.5,0,5,1080,77,8,6,13,
Taco Bell,Black Bean Quesarito,Food,630,270,29,10,0,35,1260,73,7,5,19,
Taco Bell,Black Beans & Rice,Food,170,30,3.5,0,0,0,320,31,4,0,4,
Taco Bell,Cheese Quesadilla,Food,470,230,25,12,0.5,50,990,37,4,2,19,
Taco Bell,Cheesy Bean & Rice Burrito,Food,420,140,16,4,0,<5,880,56,7,3,10,
Taco Bell,Cheesy Roll Up,Food,180,80,9,5,0,20,430,15,2,<1,9,
Taco Bell,Chips and Nacho Cheese Sauce,Food,220,120,13,1.5,0,<5,250,24,2,2,2,
Taco Bell,Cinnabon Delights™ (2 Pack),Dessert,160,80,9,2,0,5,80,17,0,10,2,
Taco Bell,Cinnabon Delights™ (12 Pack – Serves 4),Dessert,930,480,53,13,2,40,480,104,3,59,9,
Taco Bell,Cinnamon Twists,Dessert,170,50,6,0,0,0,210,27,<1,13,1,
Taco Bell,Hash Brown,Food,160,100,12,1,0,0,270,13,2,0,1,
Taco Bell,Power Menu Bowl – Veggie,Food,430,160,17,5,0,20,810,57,10,2,12,
Taco Bell,Power Menu Bowl – Chicken,Food,470,170,19,6,0,70,1200,50,7,2,26,
Taco Bell,Power Menu Bowl – Steak,Food,480,180,20,7,0,60,1150,51,7,2,25,
Taco Bell,Power Menu Bowl – Veggie (V),Food,430,160,17,5,0,20,810,57,10,2,12,
Taco Bell,Breakfast Crunchwrap – Bacon,Food,670,370,41,12,0,140,1270,50,4,3,21,
Taco Bell,Breakfast Crunchwrap – Sausage,Food,720,430,47,15,0,145,1210,51,4,3,21,
Taco Bell,Breakfast Crunchwrap – Steak,Food,660,350,38,12,0,145,1300,51,4,3,24,
Taco Bell,Breakfast Salsa Packet (V),Food,0,0,0,0,0,0,50,<1,0,0,0,
Taco Bell,Cheesy Toasted Breakfast Burrito – Bacon,Food,350,150,16,4.5,0,115,870,36,2,3,13,
Taco Bell,Cheesy Toasted Breakfast Burrito – Fiesta Potato (V),Food,340,130,14,3.5,0,100,750,43,3,3,10,
Taco Bell,Cheesy Toasted Breakfast Burrito – Sausage,Food,340,160,17,5,0,110,730,36,2,3,11,
Taco Bell,Cinnabon Delights™ (2 Pack) (V),Dessert,160,80,9,2,0,5,80,17,0,10,2,
Taco Bell,Cinnabon Delights™ (12 Pack – Serves 4) (V),Dessert,930,480,53,13,2,40,480,104,3,59,9,
Taco Bell,Grande Toasted Breakfast Burrito – Bacon,Food,560,270,30,10,0,230,1290,49,4,3,24,
Taco Bell,Grande Toasted Breakfast Burrito – Sausage,Food,560,280,31,10,0,230,1150,49,4,3,22,
Taco Bell,Grande Toasted Breakfast Burrito – Steak,Food,560,250,28,9,0,240,1310,50,4,3,27,
Taco Bell,Hash Brown (V),Food,160,100,12,1,0,0,270,13,2,0,1,
Taco Bell,Hash Brown Toasted Breakfast Burrito – Bacon,Food,570,300,33,10,0,135,1270,49,4,2,21,
Taco Bell,Hash Brown Toasted Breakfast Burrito – Sausage,Food,570,300,34,10,0,130,1130,49,4,2,18,
Taco Bell,Hash Brown Toasted Breakfast Burrito – Steak,Food,570,270,30,9,0,140,1290,50,4,2,24,
Taco Bell,7-Up (16 fl oz),Drink,190,,,,,70,46,,,46,,
Taco Bell,Brisk Mango Iced Tea (16 fl oz),Drink,100,,,,,50,26,,,26,,
Taco Bell,Brisk Unsweetened No Lemon Iced Tea (16 fl oz),Drink,0,,,,,60,0,,,0,,
Taco Bell,Diet Dr Pepper (16 fl oz),Drink,0,,,,,95,0,,,0,,
Taco Bell,Diet Mtn Dew (16 fl oz),Drink,5,,,,,75,1,,,1,,
Taco Bell,Diet Pepsi (16 fl oz),Drink,0,,,,,75,0,,,0,,
Taco Bell,Dr Pepper (16 fl oz),Drink,190,,,,,60,52,,,51,,
Taco Bell,G2 – Fruit Punch (16 fl oz),Drink,30,,,,,140,7,,,6,,
Taco Bell,Mtn Dew (16 fl oz),Drink,220,,,,,70,59,,,58,,
Taco Bell,Mtn Dew Baja Blast™ (16 fl oz),Drink,220,,,,,65,59,,,59,,
Taco Bell,Mtn Dew Baja Blast Zero Sugar (16 fl oz),Drink,5,,,,,70,0,,,0,,
Taco Bell,Mtn Dew Kickstart™ Orange Citrus (16 fl oz),Drink,70,,,,,75,18,,,18,,
Taco Bell,Mug Root Beer (16 fl oz),Drink,190,,,,,60,52,,,52,,
Taco Bell,Pepsi (16 fl oz),Drink,200,,,,,45,55,,,55,,
Taco Bell,Pepsi Wild Cherry (16 fl oz),Drink,210,,,,,40,56,,,56,,
Taco Bell,Pepsi Zero Sugar (16 fl oz),Drink,0,,,,,85,0,,,0,,
Taco Bell,Sierra Mist (16 fl oz),Drink,200,,,,,45,54,,,54,,
Taco Bell,Tropicana Pink Lemonade (16 fl oz),Drink,210,,,,,210,53,,,53,,
Taco Bell,7-Up (20 fl oz),Drink,240,,,,,85,58,,,58,,
Taco Bell,Brisk Mango Iced Tea (20 fl oz),Drink,120,,,,,60,32,,,32,,
Taco Bell,Brisk Unsweetened No Lemon Iced Tea (20 fl oz),Drink,0,,,,,75,0,,,0,,
Taco Bell,Diet Dr Pepper (20 fl oz),Drink,0,,,,,120,0,,,0,,
Taco Bell,Diet Mtn Dew (20 fl oz),Drink,10,,,,,90,1,,,1,,
Taco Bell,Diet Pepsi (20 fl oz),Drink,0,,,,,95,0,,,0,,
Taco Bell,Dr Pepper (20 fl oz),Drink,240,,,,,75,65,,,64,,
Taco Bell,G2 – Fruit Punch (20 fl oz),Drink,35,,,,,180,9,,,8,,
Taco Bell,Mtn Dew (20 fl oz),Drink,270,,,,,85,73,,,73,,
Taco Bell,Mtn Dew Baja Blast™ (20 fl oz),Drink,280,,,,,80,74,,,73,,
Taco Bell,Mtn Dew Baja Blast Zero Sugar (20 fl oz),Drink,10,,,,,85,0,,,0,,
Taco Bell,Mtn Dew Kickstart™ Orange Citrus (20 fl oz),Drink,90,,,,,90,23,,,22,,
Taco Bell,Mug Root Beer (20 fl oz),Drink,240,,,,,75,65,,,65,,
Taco Bell,Pepsi (20 fl oz),Drink,250,,,,,55,69,,,69,,
Taco Bell,Pepsi Wild Cherry (20 fl oz),Drink,260,,,,,50,70,,,70,,
Taco Bell,Pepsi Zero Sugar (20 fl oz),Drink,0,,,,,105,0,,,0,,
Taco Bell,Sierra Mist (20 fl oz),Drink,260,,,,,55,68,,,68,,
Taco Bell,Tropicana Pink Lemonade (20 fl oz),Drink,260,,,,,260,67,,,67,,
Taco Bell,NA,Drink,NA,,,,,NA,NA,,,NA,,
Taco Bell,FOUNTAIN BEVERAGES (30 OZ),Drink,NA,,,,,NA,NA,,,NA,,
Taco Bell,7-Up (30 fl oz),Drink,350,,,,,125,87,,,87,,
Taco Bell,Brisk Mango Iced Tea (30 fl oz),Drink,180,,,,,90,48,,,48,,
Taco Bell,Brisk Unsweetened No Lemon Iced Tea (30 fl oz),Drink,0,,,,,115,0,,,0,,
Taco Bell,Diet Dr Pepper (30 fl oz),Drink,0,,,,,180,1,,,0,,
Taco Bell,Diet Mtn Dew (30 fl oz),Drink,10,,,,,140,1,,,1,,
Taco Bell,Diet Pepsi (30 fl oz),Drink,0,,,,,140,0,,,0,,
Taco Bell,Dr Pepper (30 fl oz),Drink,360,,,,,110,98,,,96,,
Taco Bell,G2 – Fruit Punch (30 fl oz),Drink,50,,,,,270,13,,,12,,
Taco Bell,Mtn Dew (30 fl oz),Drink,410,,,,,125,110,,,109,,
Taco Bell,Mtn Dew Baja Blast™ (30 fl oz),Drink,420,,,,,120,110,,,110,,
Taco Bell,Mtn Dew Baja Blast Zero Sugar (30 fl oz),Drink,15,,,,,125,0,,,0,,
Taco Bell,Mtn Dew Kickstart™ Orange Citrus (30 fl oz),Drink,130,,,,,140,34,,,33,,
Taco Bell,Mug Root Beer (30 fl oz),Drink,360,,,,,110,98,,,98,,
Taco Bell,Pepsi (30 fl oz),Drink,380,,,,,80,104,,,103,,
Taco Bell,Pepsi Wild Cherry (30 fl oz),Drink,390,,,,,80,105,,,105,,
Taco Bell,Pepsi Zero Sugar (30 fl oz),Drink,0,,,,,160,<1,,,0,,
Taco Bell,Sierra Mist (30 fl oz),Drink,380,,,,,80,101,,,101,,
Taco Bell,Tropicana Pink Lemonade (30 fl oz),Drink,390,,,,,390,100,,,100,,
Pizza Hut,Detroit Double Cheesy Pizza Slice,Food,280,,12,6,0,30,560,31,2,2,13,
Pizza Hut,Detroit Double Pepperoni Pizza Slice,Food,330,,17,7,0,40,720,30,2,2,14,
Pizza Hut,Detroit Meaty Pizza Slice,Food,320,,16,6,0,35,640,31,2,2,14,
Pizza Hut,Detroit Supremo Pizza Slice,Food,290,,13,6,0,30,570,31,2,2,13,
Pizza Hut,Pan Pizza Slices Backyard BBQ Chicken Personal Pan,Food,180,,6,2,0,15,370,25,1,8,8,
Pizza Hut,Pan Pizza Slices Backyard BBQ Chicken Medium,Food,270,,10,4,0,25,450,33,2,6,11,
Pizza Hut,Pan Pizza Slices Backyard BBQ Chicken Large,Food,380,,16,6,0,35,650,43,2,7,16,
Pizza Hut,Pan Pizza Slices Beyond Meat Pepperoni Medium,Food,240,,10,4.5,0,15,470,29,2,1,10,
Pizza Hut,Pan Pizza Slices Beyond Meat Pepperoni Large,Food,350,,16,6,0,25,680,38,3,2,14,
Pizza Hut,Pan Pizza Slices Buffalo Chicken Personal Pan,Food,160,,5,2,0,15,570,22,1,2,7,
Pizza Hut,Pan Pizza Slices Buffalo Chicken Medium,Food,240,,9,3.5,0,20,680,31,2,2,11,
Pizza Hut,Pan Pizza Slices Buffalo Chicken Large,Food,350,,14,5,0,30,850,40,2,2,15,
Pizza Hut,Pan Pizza Slices Cheese Personal Pan,Food,150,,6,2.5,0,15,310,17,1,2,7,
Pizza Hut,Pan Pizza Slices Cheese Medium,Food,250,,10,4.5,0,25,450,28,2,1,11,
Pizza Hut,Pan Pizza Slices Cheese Large,Food,360,,17,7,0,35,660,37,2,2,16,
Pizza Hut,Pan Pizza Slices Chicken Bacon Parmesan Personal Pan,Food,180,,8,3,0,20,350,17,1,2,9,
Pizza Hut,Pan Pizza Slices Chicken Bacon Parmesan Medium,Food,270,,13,4.5,0,30,470,27,2,1,12,
Pizza Hut,Pan Pizza Slices Chicken Bacon Parmesan Large,Food,390,,20,7,0,40,680,35,2,2,18,
Pizza Hut,Pan Pizza Slices Hawaiian Chicken Personal Pan,Food,150,,5,2,0,15,330,18,1,3,8,
Pizza Hut,Pan Pizza Slices Hawaiian Chicken Medium,Food,240,,9,3.5,0,20,480,29,2,2,12,
Pizza Hut,Pan Pizza Slices Hawaiian Chicken Large,Food,350,,15,5,0,30,690,38,2,3,17,
Pizza Hut,Pan Pizza Slices Meat Lover’s Personal Pan,Food,210,,12,4.5,0,25,460,18,1,2,9,
Pizza Hut,Pan Pizza Slices Meat Lover’s Medium,Food,320,,17,6,0,35,640,28,2,1,13,
Pizza Hut,Pan Pizza Slices Meat Lover’s Large,Food,470,,27,10,0,50,940,37,2,2,19,
Pizza Hut,Pan Pizza Slices Pepperoni Personal Pan,Food,150,,7,2.5,0,15,310,17,1,2,6,
Pizza Hut,Pan Pizza Slices Pepperoni Medium,Food,250,,11,4.5,0,25,470,28,2,1,10,
Pizza Hut,Pan Pizza Slices Pepperoni Large,Food,370,,18,6,0,35,680,36,2,2,15,
Pizza Hut,Pan Pizza Slices Pepperoni Lover’s Personal Pan,Food,180,,9,3.5,0,20,370,17,1,2,8,
Pizza Hut,Pan Pizza Slices Pepperoni Lover’s Medium,Food,300,,15,6,0,35,580,28,2,1,13,
Pizza Hut,Pan Pizza Slices Pepperoni Lover’s Large,Food,440,,24,9,0.5,50,850,37,3,2,19,
Pizza Hut,Pan Pizza Slices Supreme Personal Pan,Food,170,,8,3,0,15,360,18,1,2,7,
Pizza Hut,Pan Pizza Slices Supreme Medium,Food,270,,13,5,0,25,500,29,2,2,11,
Pizza Hut,Pan Pizza Slices Supreme Large,Food,390,,20,7,0,40,740,37,2,2,16,
Pizza Hut,Pan Pizza Slices Ultimate Cheese Lover’s Personal Pan,Food,170,,8,3.5,0,15,330,17,1,2,8,
Pizza Hut,Pan Pizza Slices Ultimate Cheese Lover’s Medium,Food,270,,13,5,0,25,470,27,2,1,12,
Pizza Hut,Pan Pizza Slices Ultimate Cheese Lover’s Large,Food,390,,20,8,0,40,670,36,2,2,17,
Pizza Hut,Pan Pizza Slices Veggie Lover’s Personal Pan,Food,140,,5,2,0,10,290,18,1,2,6,
Pizza Hut,Pan Pizza Slices Veggie Lover’s Medium,Food,230,,9,3.5,0,15,420,29,2,2,9,
Pizza Hut,Pan Pizza Slices Veggie Lover’s Large,Food,330,,15,5,0,25,620,38,3,3,14,
Pizza Hut,Hand Tossed Slices Backyard BBQ Chicken Small,Food,140,,4,2,0,15,250,20,1,4,6,
Pizza Hut,Hand Tossed Slices Backyard BBQ Chicken Medium,Food,220,,7,3,0,20,390,31,2,6,10,
Pizza Hut,Hand Tossed Slices Backyard BBQ Chicken Large,Food,300,,10,4.5,0,30,530,40,2,7,14,
Pizza Hut,Hand Tossed Slices Beyond Meat Pepperoni Medium,Food,200,,7,3.5,0,15,410,26,2,1,9,
Pizza Hut,Hand Tossed Slices Beyond Meat Pepperoni Large,Food,280,,10,5,0,20,560,35,3,2,12,
Pizza Hut,Hand Tossed Slices  Buffalo Chicken Small,Food,130,,3.5,1.5,0,10,380,19,<1,<1,6,
Pizza Hut,Hand Tossed Slices  Buffalo Chicken Medium,Food,200,,5,2.5,0,20,560,28,2,1,9,
Pizza Hut,Hand Tossed Slices  Buffalo Chicken Large,Food,270,,8,4,0,30,740,37,2,2,13,
Pizza Hut,Hand Tossed Slices Cheese Small,Food,130,,4.5,2,0,10,250,17,1,<1,6,
Pizza Hut,Hand Tossed Slices Cheese Medium,Food,210,,8,3.5,0,20,390,26,2,1,10,
Pizza Hut,Hand Tossed Slices Cheese Large,Food,290,,10,5,0,30,540,34,3,2,13,
Pizza Hut,Hand Tossed Slices Chicken Bacon Parmesan Small,Food,150,,6,2.5,0,15,270,16,1,<1,7,
Pizza Hut,Hand Tossed Slices Chicken Bacon Parmesan Medium,Food,230,,9,4,0,25,410,25,2,1,11,
Pizza Hut,Hand Tossed Slices Chicken Bacon Parmesan Large,Food,310,,13,5,0,35,560,33,2,1,16,
Pizza Hut,Hand Tossed Slices Hawaiian Chicken Small,Food,130,,4,1.5,0,10,270,17,1,1,7,
Pizza Hut,Hand Tossed Slices Hawaiian Chicken Medium,Food,210,,6,3,0,20,420,27,2,2,10,
Pizza Hut,Hand Tossed Slices Hawaiian Chicken Large,Food,280,,9,4,0,30,580,36,3,3,15,
Pizza Hut,Hand Tossed Slices Meat Lover’s Small,Food,180,,9,3.5,0,20,370,17,1,<1,7,
Pizza Hut,Hand Tossed Slices Meat Lover’s Medium,Food,290,,15,6,0,30,590,26,2,1,12,
Pizza Hut,Hand Tossed Slices Meat Lover’s Large,Food,390,,21,8,0,45,830,34,3,2,17,
Pizza Hut,Hand Tossed Slices Pepperoni Small,Food,130,,5,2,0,10,260,16,1,<1,6,
Pizza Hut,Hand Tossed Slices Pepperoni Medium,Food,220,,9,4,0,20,420,25,2,1,9,
Pizza Hut,Hand Tossed Slices Pepperoni Large,Food,300,,13,6,0,30,590,34,3,2,13,
Pizza Hut,Hand Tossed Slices Pepperoni Lover’s Small,Food,160,,7,3,0,20,310,17,1,<1,7,
Pizza Hut,Hand Tossed Slices Pepperoni Lover’s Medium,Food,270,,13,6,0,35,530,26,2,1,12,
Pizza Hut,Hand Tossed Slices Pepperoni Lover’s Large,Food,370,,18,8,0,50,740,35,3,2,17,
Pizza Hut,Hand Tossed Slices Supreme Small,Food,150,,6,2.5,0,15,280,17,1,1,6,
Pizza Hut,Hand Tossed Slices Supreme Medium,Food,240,,10,4,0,25,450,26,2,2,10,
Pizza Hut,Hand Tossed Slices Supreme Large,Food,320,,14,6,0,35,630,35,3,2,14,
Pizza Hut,Hand Tossed Slices Ultimate Cheese Lover’s Small,Food,150,,6,2.5,0,15,250,16,1,<1,6,
Pizza Hut,Hand Tossed Slices Ultimate Cheese Lover’s Medium,Food,230,,10,4.5,0,25,390,25,2,1,11,
Pizza Hut,Hand Tossed Slices Ultimate Cheese Lover’s Large,Food,310,,13,6,0,35,540,33,2,1,15,
Pizza Hut,Hand Tossed Slices Veggie Lover’s Small,Food,120,,4,1.5,0,10,230,17,1,1,5,
Pizza Hut,Hand Tossed Slices Veggie Lover’s Medium,Food,200,,6,2.5,0,15,370,27,2,2,8,
Pizza Hut,Hand Tossed Slices Veggie Lover’s Large,Food,260,,9,4,0,20,510,36,3,3,11,
McDonald’s,Diet Coke (Child),Drink,0,0,0,0,0,0,15,0,0,0,0,0
McDonald’s,Diet Coke (Small),Drink,0,0,0,0,0,0,20,0,0,0,0,0
McDonald’s,Diet Coke (Medium),Drink,0,0,0,0,0,0,30,0,0,0,0,0
McDonald’s,Diet Coke (Large),Drink,0,0,0,0,0,0,45,0,0,0,0,0
McDonald’s,Sprite (Child),Drink,110,0,0,0,0,0,30,28,0,28,0,138
McDonald’s,Sprite (Small),Drink,150,0,0,0,0,0,40,39,0,39,0,189
McDonald’s,Sprite (Medium),Drink,210,0,0,0,0,0,55,56,0,56,0,266
McDonald’s,Sprite (Large),Drink,310,0,0,0,0,0,80,83,0,83,0,393
McDonald’s,Hi-C Orange Lavaburst (Child),Drink,120,0,0,0,0,0,0,32,0,32,0,152
McDonald’s,Hi-C Orange Lavaburst (Small),Drink,160,0,0,0,0,0,5,44,0,44,0,204
McDonald’s,Hi-C Orange Lavaburst (Medium),Drink,240,0,0,0,0,0,10,64,0,64,0,304
McDonald’s,Hi-C Orange Lavaburst (Large),Drink,350,0,0,0,0,0,10,94,0,94,0,444
McDonald’s,POWERade Mountain Blast (Child),Drink,70,0,0,0,0,0,65,20,0,16,0,86
McDonald’s,POWERade Mountain Blast (Small),Drink,100,0,0,0,0,0,85,27,0,21,0,121
McDonald’s,POWERade Mountain Blast (Medium),Drink,150,0,0,0,0,0,130,39,0,31,0,181
McDonald’s,POWERade Mountain Blast (Large),Drink,220,0,0,0,0,0,190,58,0,46,0,266
McDonald’s,Iced Tea (Child),Drink,0,0,0,0,0,0,5,0,0,0,0,0
McDonald’s,Iced Tea (Small),Drink,0,0,0,0,0,0,10,0,0,0,0,0
McDonald’s,Iced Tea (Medium),Drink,0,0,0,0,0,0,15,0,0,0,0,0
McDonald’s,Iced Tea (Large),Drink,0,0,0,0,0,0,20,1,0,0,0,0
McDonald’s,Coffee (Small),Drink,0,0,0,0,0,0,0,0,0,0,0,0
McDonald’s,Coffee (Large),Drink,0,0,0,0,0,0,0,0,0,0,0,0
McDonald’s,Coffee Cream,Drink,20,20,2,1.5,0,10,15,0,0,0,0,21.5
McDonald’s,"EQUAL 0
Calorie Sweetener",Drink,0,0,0,0,0,0,0,1,0,1,0,1
McDonald’s,"SPLENDA No
Calorie Sweetener",Drink,0,0,0,0,0,0,0,1,0,1,0,1
Burger King,29 fl oz,Drink,290,0,0,0,0,0,85,105,0,105,0,395
Burger King,38 fl oz,Drink,450,0,0,0,0,0,230,155,0,155,0,605
Burger King,29 fl oz,Drink,350,0,0,0,0,0,180,118,0,118,0,468
Burger King,38 fl oz,Drink,450,0,0,0,0,0,130,145,0,145,0,595
Burger King,38 fl oz,Drink,450,0,0,0,0,0,180,146,0,143,0,593
Burger King,29 fl oz,Drink,160,0,0,0,0,0,0,49,0,49,0,209
Burger King,40 fl oz,Drink,240,0,0,0,0,0,0,71,0,71,0,311
Burger King,20 fl oz,Drink,120,0,0,0,0,0,0,35,0,35,0,155
KFC,Mug Root Beer (12 fl oz),Drink,140,,0,0,0,0,45,39,0,39,0,179
KFC,Strawberry Lemonade (1/2 Gallon),Drink,950,,0,0,0,0,790,270,0,264,0,1214
McDonald’s,Coca-Cola Classic (Large),Drink,310,0,0,0,0,0,20,86,0,86,0,396
Burger King,16 fl oz,Drink,220,0,0,0,0,0,55,61,0,61,0,281
Wendy’s,"Barq’s Root Beer, Small",Drink,220,,0,0,0,0,90,61,0,61,0,281
KFC,Lipton Brisk Sweet Iced Tea (20 fl oz),Drink,130,,0,0,0,0,80,36,0,36,0,166
McDonald’s,Coca-Cola Classic (Medium),Drink,210,0,0,0,0,0,15,58,0,58,0,268
Burger King,16 fl oz,Drink,210,0,0,0,0,0,50,58,0,58,0,268
Wendy’s,"Fanta Orange, Small",Drink,210,,0,0,0,0,55,59,0,58,0,268
KFC,Pepsi (20 fl oz),Drink,250,,0,0,0,0,55,69,0,69,0,319
Burger King,38 fl oz,Drink,530,0,0,0,0,0,135,148,0,146,0,676
Burger King,20 fl oz,Drink,280,0,0,0,0,0,70,78,0,77,0,357
KFC,Pepsi (16 fl oz),Drink,200,,0,0,0,0,45,55,0,55,0,255
KFC,Lipton Brisk Lemon Tea (12 fl oz),Drink,80,,0,0,0,0,40,22,0,22,0,102
KFC,Miranda Strawberry (12 fl oz),Drink,160,,0,0,0,0,70,44,0,44,0,204
KFC,Mountain Dew (12 fl oz),Drink,160,,0,0,0,0,50,44,0,44,0,204
KFC,Mug Root Beer (16 fl oz),Drink,190,,0,0,0,0,60,52,0,52,0,242
KFC,Mist Twst (12 fl oz),Drink,150,,0,0,0,0,35,41,0,41,0,191
KFC,Pepsi (12 fl oz),Drink,150,,0,0,0,0,30,41,0,41,0,191
KFC,Manzanita Sol (20 fl oz),Drink,260,,0,0,0,0,55,71,0,71,0,331
Burger King,16 fl oz,Drink,220,0,0,0,0,0,75,62,0,60,0,280
Wendy’s,"Coca-Cola, Large",Drink,400,,0,0,0,0,90,109,0,109,0,509
Wendy’s,"Barq’s Root Beer, Medium",Drink,360,,0,0,0,0,150,98,0,98,0,458
KFC,Mug Root Beer (30 fl oz),Drink,360,,0,0,0,0,110,98,0,98,0,458
Wendy’s,"Coca-Cola, Medium",Drink,320,,0,0,0,0,70,87,0,87,0,407
KFC,Manzanita Sol (16 fl oz),Drink,210,,0,0,0,0,45,57,0,57,0,267
Burger King,20 fl oz,Drink,280,0,0,0,0,0,70,76,0,76,0,356
KFC,Classic Lemonade (20 fl oz),Drink,140,,0,0,0,0,130,39,0,38,0,178
KFC,Dr Pepper (12 fl oz),Drink,140,,0,0,0,0,45,39,0,38,0,178
Wendy’s,"Barq’s Root Beer, Large",Drink,450,,0,0,0,0,180,122,0,122,0,572
KFC,Pepsi (30 fl oz),Drink,380,,0,0,0,0,80,104,0,103,0,483
Wendy’s,"Sprite, Medium",Drink,310,,0,0,0,0,140,84,0,84,0,394
Burger King,16 fl oz,Drink,240,0,0,0,0,0,100,65,0,65,0,305
KFC,Mug Root Beer (20 fl oz),Drink,240,,0,0,0,0,75,65,0,65,0,305
Burger King,29 fl oz,Drink,410,0,0,0,0,0,105,113,0,111,0,521
Burger King,38 fl oz,Drink,510,0,0,0,0,0,115,138,0,138,0,648
Wendy’s,"Fanta Orange, Medium",Drink,340,,0,0,0,0,85,94,0,92,0,432
KFC,Code Red Mountain Dew (12 fl oz),Drink,170,,0,0,0,0,50,46,0,46,0,216
KFC,Tropicana Twister Orange (12 fl oz),Drink,170,,0,0,0,0,35,46,0,46,0,216
Burger King,20 fl oz,Drink,270,0,0,0,0,0,60,73,0,73,0,343
KFC,Miranda Strawberry (20 fl oz),Drink,270,,0,0,0,0,120,73,0,73,0,343
KFC,Mountain Dew (20 fl oz),Drink,270,,0,0,0,0,85,73,0,73,0,343
Burger King,20 fl oz,Drink,300,0,0,0,0,0,120,81,0,81,0,381
Wendy’s,"Coca-Cola, Small",Drink,200,,0,0,0,0,45,54,0,54,0,254
KFC,Lipton Brisk Sweet Iced Tea (30 fl oz),Drink,200,,0,0,0,0,120,54,0,54,0,254
KFC,Mist Twst (16 fl oz),Drink,200,,0,0,0,0,45,54,0,54,0,254
KFC,Code Red Mountain Dew (16 fl oz),Drink,230,,0,0,0,0,65,62,0,62,0,292
Burger King,20 fl oz,Drink,260,0,0,0,0,0,120,70,0,70,0,330
Burger King,Frozen Coke – 16 oz,Drink,130,0,0,0,0,0,50,35,0,35,0,165
KFC,Wild Cherry Pepsi (20 fl oz),Drink,260,,0,0,0,0,50,70,0,70,0,330
Wendy’s,"Sprite, Large",Drink,390,,0,0,0,0,180,105,0,105,0,495
KFC,Wild Cherry Pepsi (30 fl oz),Drink,390,,0,0,0,0,80,105,0,105,0,495
Wendy’s,"Hi-C Flashin’ Fruit Punch, Large",Drink,420,,0,0,0,0,140,115,0,113,0,533
Burger King,38 fl oz,Drink,450,0,0,0,0,0,140,124,0,121,0,571
Burger King,29 fl oz,Drink,380,0,0,0,0,0,170,102,0,102,0,482
Burger King,16 fl oz,Drink,190,0,0,0,0,0,60,52,0,51,0,241
Wendy’s,"Dr Pepper, Medium",Drink,190,,0,0,0,0,55,53,0,51,0,241
KFC,Dr Pepper (16 fl oz),Drink,190,,0,0,0,0,60,52,0,51,0,241
Burger King,29 fl oz,Drink,410,0,0,0,0,0,100,110,0,110,0,520
Burger King,20 fl oz,Drink,280,0,0,0,0,0,95,77,0,75,0,355
KFC,Tropicana Fruit Punch (20 fl oz),Drink,280,,0,0,0,0,60,75,0,75,0,355
Wendy’s,"Fanta Orange, Large",Drink,430,,0,0,0,0,110,117,0,115,0,545
KFC,Code Red Mountain Dew (30 fl oz),Drink,430,,0,0,0,0,125,116,0,115,0,545
McDonald’s,Coca-Cola Classic (Small),Drink,150,0,0,0,0,0,10,40,0,40,0,190
McDonald’s,Sugar Packet,Drink,15,0,0,0,0,0,0,4,0,4,0,19
Burger King,20 fl oz,Drink,240,0,0,0,0,0,75,65,0,64,0,304
Wendy’s,"Dr Pepper, Large",Drink,240,,0,0,0,0,70,66,0,64,0,304
Wendy’s,"Dr Pepper, Small",Drink,120,,0,0,0,0,35,33,0,32,0,152
KFC,Dr Pepper (20 fl oz),Drink,240,,0,0,0,0,75,65,0,64,0,304
KFC,Dr Pepper (30 fl oz),Drink,360,,0,0,0,0,110,98,0,96,0,456
KFC,Tropicana Pink Lemonade (12 fl oz),Drink,150,,0,0,0,0,160,40,0,40,0,190
Burger King,16 fl oz,Drink,210,0,0,0,0,0,95,56,0,56,0,266
Wendy’s,"Hi-C Flashin’ Fruit Punch, Small",Drink,210,,0,0,0,0,70,58,0,56,0,266
KFC,Tropicana Fruit Punch (30 fl oz),Drink,420,,0,0,0,0,90,113,0,112,0,532
KFC,Wild Cherry Pepsi (16 fl oz),Drink,210,,0,0,0,0,40,56,0,56,0,266
Burger King,38 fl oz,Drink,500,0,0,0,0,0,230,133,0,133,0,633
Burger King,29 fl oz,Drink,410,0,0,0,0,0,135,111,0,109,0,519
KFC,Miranda Strawberry (30 fl oz),Drink,410,,0,0,0,0,180,109,0,109,0,519
KFC,Mountain Dew (30 fl oz),Drink,410,,0,0,0,0,125,110,0,109,0,519
KFC,Mist Twst (30 fl oz),Drink,380,,0,0,0,0,80,101,0,101,0,481
Burger King,29 fl oz,Drink,350,0,0,0,0,0,105,94,0,93,0,443
KFC,Code Red Mountain Dew (20 fl oz),Drink,290,,0,0,0,0,85,77,0,77,0,367
Burger King,16 fl oz,Drink,230,0,0,0,0,0,60,62,0,61,0,291
KFC,Tropicana Twister Orange (16 fl oz),Drink,230,,0,0,0,0,50,61,0,61,0,291
KFC,Tropicana Twister Orange (30 fl oz),Drink,430,,0,0,0,0,90,115,0,114,0,544
Wendy’s,"Small Sprite, Small",Drink,200,,0,0,0,0,90,53,0,53,0,253
KFC,Manzanita Sol (30 fl oz),Drink,400,,0,0,0,0,80,106,0,106,0,506
Wendy’s,"Hi-C Flashin’ Fruit Punch, Medium",Drink,340,,0,0,0,0,115,92,0,90,0,430
KFC,Tropicana Fruit Punch (12 fl oz),Drink,170,,0,0,0,0,35,45,0,45,0,215
McDonald’s,Coca-Cola Classic (Child),Drink,110,0,0,0,0,0,5,29,0,29,0,139
Wendy’s,"Honest Tropical Green Tea, Large",Drink,110,,0,0,0,0,55,29,0,29,0,139
KFC,Lipton Brisk Lemon Tea (16 fl oz),Drink,110,,0,0,0,0,55,29,0,29,0,139
KFC,Lipton Brisk Sweet Iced Tea (16 fl oz),Drink,110,,0,0,0,0,65,29,0,29,0,139
KFC,Miranda Strawberry (16 fl oz),Drink,220,,0,0,0,0,95,58,0,58,0,278
KFC,Mountain Dew (16 fl oz),Drink,220,,0,0,0,0,70,59,0,58,0,278
KFC,Lipton Brisk Sweet Iced Tea (12 fl oz),Drink,80,,0,0,0,0,45,22,0,21,0,101
KFC,Manzanita Sol (12 fl oz),Drink,160,,0,0,0,0,35,42,0,42,0,202
KFC,Wild Cherry Pepsi (12 fl oz),Drink,160,,0,0,0,0,30,42,0,42,0,202
KFC,Tropicana Twister Orange (20 fl oz),Drink,290,,0,0,0,0,60,76,0,76,0,366
KFC,Mist Twst (20 fl oz),Drink,260,,0,0,0,0,55,68,0,68,0,328
KFC,Tropicana Fruit Punch (16 fl oz),Drink,230,,0,0,0,0,45,60,0,60,0,290
KFC,Lipton Brisk Raspberry Tea (16 fl oz),Drink,100,,0,0,0,0,55,26,0,26,0,126
KFC,Classic Lemonade (1/2 Gallon),Drink,880,,0,0,0,0,780,234,0,228,0,1108
KFC,Strawberry Lemonade (20 fl oz),Drink,170,,0,0,0,0,130,45,0,44,0,214
KFC,Lipton Brisk Raspberry Tea (30 fl oz),Drink,190,,0,0,0,0,110,49,0,49,0,239
KFC,Tropicana Pink Lemonade (20 fl oz),Drink,260,,0,0,0,0,260,67,0,67,0,327
McDonald’s,Grape Jam,Dessert ,35,0,0,0,0,0,0,9,0,9,0,44
McDonald’s,Strawberry Preserves,Dessert ,35,0,0,0,0,0,0,9,0,9,0,44
KFC,Lipton Brisk Lemon Tea (20 fl oz),Drink,140,,0,0,0,0,70,36,0,36,0,176
KFC,Lipton Brisk Lemon Tea (30 fl oz),Drink,210,,0,0,0,0,105,55,0,54,0,264
KFC,Tropicana Pink Lemonade (30 fl oz),Drink,390,,0,0,0,0,390,100,0,100,0,490
Wendy’s,"Sweetened Iced Tea, Medium",Drink,220,,0,0,0,0,20,58,0,56,0,276
KFC,Lipton Brisk Raspberry Tea (20 fl oz),Drink,130,,0,0,0,0,70,33,0,33,0,163
KFC,Tropicana Pink Lemonade (16 fl oz),Drink,210,,0,0,0,0,210,53,0,53,0,263
McDonald’s,Sweet Tea (Medium),Drink,180,0,0,0,0,0,10,45,0,45,1,224
Burger King,Capri Sun 100% Apple Juice (6 fl oz),Drink,80,0,0,0,0,0,25,20,0,20,0,100
Burger King,Barbecue Dipping Sauce (1 oz),Drink,40,0,0,0,0,0,310,11,0,10,0,50
Burger King,Capri Sun 100% Apple Juice,Drink,80,0,0,0,0,0,25,20,0,20,0,100
Wendy’s,"Strawberry Sweet Tea, Small",Drink,140,,0,0,0,0,10,36,0,35,0,175
Wendy’s,"Sweetened Iced Tea, Large",Drink,300,,0,0,0,0,25,77,0,75,0,375
Wendy’s,"Sweetened Iced Tea, Small",Drink,160,,0,0,0,0,10,41,0,40,0,200
KFC,Capri Sun 100% Juice Fruit Punch,Drink,80,,0,0,0,0,25,21,0,20,0,100
KFC,7UP (12 fl oz),Drink,140,,0,0,0,0,50,35,0,35,0,175
KFC,Lipton Brisk Raspberry Tea (12 fl oz),Drink,80,,0,0,0,0,45,20,0,20,0,100
KFC,7UP (30 fl oz),Drink,350,,0,0,0,0,125,87,0,87,0,437
Wendy’s,"Strawberry Sweet Tea, Large",Drink,270,,0,0,0,0,15,69,0,67,0,337
Wendy’s,"All-Natural Lemonade, Small",Drink,190,,0,0,0,0,0,50,0,47,0,237
McDonald’s,Sweet Tea (Large),Drink,280,0,0,0,0,0,15,69,0,69,1,348
Wendy’s,"Apple Kiwi Fruit Tea, Small",Drink,170,,0,0,0,0,30,44,0,42,0,212
Wendy’s,"Strawberry Sweet Tea, Medium",Drink,240,,0,0,0,0,15,60,0,59,0,299
McDonald’s,Sweet Tea (Child),Drink,110,0,0,0,0,0,5,27,0,27,0,137
Wendy’s,"All-Natural Lemonade, Medium",Drink,330,,0,0,0,0,0,86,0,81,0,411
Wendy’s,"All-Natural Lemonade, Large",Drink,380,,0,0,0,0,0,100,0,93,0,473
Wendy’s,"Limeade, Medium",Drink,380,,0,0,0,0,45,98,0,93,0,473
Wendy’s,"Honest Tropical Green Tea, Medium",Drink,90,,0,0,0,0,40,22,0,22,0,112
KFC,BBQ – Dipping Sauce Cup,Drink,45,,0,0,0,0,150,11,0,11,0,56
Wendy’s,"Limeade, Small",Drink,230,,0,0,0,0,30,59,0,56,0,286
Wendy’s,"Apple Kiwi Fruit Tea, Medium",Drink,300,,0,0,0,0,50,76,0,73,0,373
Wendy’s,"Apple Kiwi Fruit Tea, Large",Drink,330,,0,0,0,0,60,83,0,80,0,410
Wendy’s,"Strawberry Lemonade, Medium",Drink,380,,0,0,0,0,45,98,0,92,0,472
KFC,7UP (16 fl oz),Drink,190,,0,0,0,0,70,46,0,46,0,236
KFC,7UP (20 fl oz),Drink,240,,0,0,0,0,85,58,0,58,0,298
McDonald’s,Sweet Tea (Small),Drink,150,0,0,0,0,0,10,36,0,36,1,185
Wendy’s,"Limeade, Large",Drink,460,,0,0,0,0,55,117,0,111,0,571
Wendy’s,"Pear Berry Fruit Tea, Large",Drink,320,,0,0,0,0,60,82,0,76,0,396
Wendy’s,"Strawberry Lemonade, Large",Drink,480,,0,0,0,0,55,121,0,114,0,594
Wendy’s,"Pear Berry Fruit Tea, Small",Drink,170,,0,0,0,0,30,44,0,40,0,210
Wendy’s,"Strawberry Lemonade, Small",Drink,230,,0,0,0,0,30,58,0,54,0,284
McDonald’s,Nonfat Hazelnut Cappuccino (Small),Drink,150,0,0,0,0,5,70,34,0,34,5,179
McDonald’s,Nonfat Vanilla Cappuccino (Small),Drink,150,0,0,0,0,5,70,34,0,34,5,179
McDonald’s,Nonfat Hazelnut Cappuccino (Medium),Drink,190,0,0,0,0,5,90,43,0,43,6,227
McDonald’s,Iced Nonfat Hazelnut Latte (Small),Drink,140,0,0,0,0,0,50,32,0,32,3,169
Wendy’s,"Honest Tropical Green Tea, Small",Drink,60,,0,0,0,0,25,14,0,14,0,74
Wendy’s,"Pear Berry Fruit Tea, Medium",Drink,300,,0,0,0,0,50,76,0,70,0,370
Wendy’s,"Strawberry Tea, Medium",Drink,60,,0,0,0,0,15,16,0,14,0,74
McDonald’s,Nonfat Hazelnut Cappuccino (Large),Drink,230,0,0,0,0,5,100,51,0,51,7,274
McDonald’s,Nonfat Vanilla Cappuccino (Large),Drink,230,0,0,0,0,5,100,51,0,51,7,274
McDonald’s,Nonfat Vanilla Cappuccino (Medium),Drink,190,0,0,0,0,5,90,42,0,42,6,226
McDonald’s,Iced Nonfat Hazelnut Latte (Large),Drink,190,0,0,0,0,5,80,42,0,42,6,226
McDonald’s,Iced Nonfat Hazelnut Latte (Medium),Drink,150,0,0,0,0,5,70,33,0,33,5,178
McDonald’s,Iced Nonfat Vanilla Latte (Medium),Drink,150,0,0,0,0,5,70,33,0,33,5,178
McDonald’s,Iced Nonfat Vanilla Latte (Small),Drink,140,0,0,0,0,0,50,31,0,31,3,168
McDonald’s,Nonfat Caramel Cappuccino (Medium),Drink,190,0,0,0,0,5,150,41,0,41,6,225
McDonald’s,Iced Nonfat Vanilla Latte (Large),Drink,190,0,0,0,0,5,85,41,0,41,6,225
Wendy’s,"Strawberry Tea, Large",Drink,90,,0,0,0,0,20,22,0,20,0,110
Wendy’s,"Strawberry Tea, Small",Drink,45,,0,0,0,0,10,11,0,10,0,55
McDonald’s,Nonfat Caramel Latte (Small),Drink,170,0,0,0,0,5,150,36,0,36,7,199
McDonald’s,Nonfat Caramel Cappuccino (Small),Drink,150,0,0,0,0,5,120,33,0,32,5,177
McDonald’s,Iced Nonfat Caramel Latte (Medium),Drink,150,0,0,0,0,5,120,32,0,32,5,177
McDonald’s,Honey,Drink,50,0,0,0,0,0,0,12,0,11,0,61
McDonald’s,Minute Maid 100% Apple Juice Box,Drink,100,0,0,0,0,0,15,23,0,22,0,122
McDonald’s,Nonfat Hazelnut Latte (Large),Drink,260,0,0,0,0,5,135,55,0,55,10,305
McDonald’s,Nonfat Vanilla Latte (Large),Drink,260,0,0,0,0,5,135,55,0,55,10,305
Burger King,Mott’s Natural Applesauce,Drink,50,0,0,0,0,0,0,13,1,11,0,61
McDonald’s,Nonfat Caramel Cappuccino (Large),Drink,230,0,0,0,0,5,180,49,0,49,7,272
McDonald’s,Iced Nonfat Caramel Latte (Small),Drink,140,0,0,0,0,0,105,30,0,30,3,167
McDonald’s,Nonfat Hazelnut Latte (Medium),Drink,220,0,0,0,0,5,115,46,0,46,9,257
McDonald’s,Nonfat Vanilla Latte (Medium),Drink,220,0,0,0,0,5,115,46,0,46,9,257
Burger King,Minute Maid Orange Juice,Drink,140,0,0,0,0,0,20,33,0,30,2,168
McDonald’s,Iced Nonfat Caramel Latte (Large),Drink,190,0,0,0,0,5,150,40,0,40,6,224
McDonald’s,Wild Berry Smoothie (Large),Drink,320,10,1,0.5,0,5,45,75,4,69,3,386.5
McDonald’s,Wild Berry Smoothie (Medium),Drink,260,5,1,0,0,5,35,60,4,55,3,312
McDonald’s,Nonfat Hazelnut Latte (Small),Drink,180,0,0,0,0,5,95,37,0,37,7,210
McDonald’s,Nonfat Vanilla Latte (Small),Drink,180,0,0,0,0,5,95,37,0,37,7,210
McDonald’s,Strawberry Banana Smoothie (Large),Drink,330,10,1,0.5,0,5,55,77,4,70,3,397.5
McDonald’s,Nonfat Caramel Latte (Medium),Drink,220,0,0,0,0,5,180,45,0,45,9,256
McDonald’s,Nonfat Caramel Latte (Large),Drink,260,0,0,0,0,5,220,53,0,53,10,303
McDonald’s,Strawberry Banana Smoothie (Small),Drink,210,5,0.5,0,0,5,35,49,2,44,2,252
McDonald’s,Wild Berry Smoothie (Small),Drink,210,5,0.5,0,0,5,30,48,3,44,2,252
McDonald’s,Minute Maid Orange Juice (Large),Drink,280,0,0,0,0,0,5,58,0,58,4,334
McDonald’s,Strawberry Banana Smoothie (Medium),Drink,260,5,1,0,0,5,40,60,3,54,2,312
McDonald’s,Minute Maid Orange Juice (Medium),Drink,190,0,0,0,0,0,0,39,0,39,3,226
KFC,MNT DEW Sweet Lightning (20 fl oz),Drink,120,,0,0,0,0,190,32,0,25,0,145
McDonald’s,Minute Maid Orange Juice (Small),Drink,150,0,0,0,0,0,0,30,0,30,2,178
McDonald’s,Barbeque Sauce,Sauce,50,0,0,0,0,0,260,12,0,10,0,60
McDonald’s,Sweet ‘N Sour Sauce,Sauce,50,0,0,0,0,0,150,12,0,10,0,60
Burger King,Ketchup (Packet),Sauce,10,0,0,0,0,0,125,3,0,2,0,12
Burger King,Strawberry or Grape Jam (packet),Sauce,30,0,0,0,0,0,0,7,0,6,0,36
Wendy’s,Apple Bites,Food,35,,0,0,0,0,0,9,2,7,0,42
KFC,Grape Jelly Packet,Sauce,35,,0,0,0,0,10,9,0,7,0,42
KFC,Ketchup,Sauce,30,,0,0,0,0,250,8,0,6,0,36
McDonald’s,Iced Hazelnut Latte (Small),Drink,160,25,3,1.5,0,10,45,31,0,31,3,189.5
McDonald’s,Iced Vanilla Latte (Small),Drink,160,25,3,1.5,0,10,45,31,0,31,3,189.5
McDonald’s,Iced Hazelnut Latte (Medium),Drink,180,40,4.5,2.5,0,15,65,33,0,33,4,211.5
McDonald’s,Southwestern Chipotle Barbeque Sauce,Sauce,60,0,0,0,0,0,210,15,1,11,0,71
McDonald’s,Iced Caramel Latte (Small),Drink,160,25,3,1.5,0,10,100,29,0,29,3,187.5
McDonald’s,Iced Hazelnut Latte (Large),Drink,230,50,6,3.5,0,15,85,41,0,41,6,268.5
McDonald’s,Iced Vanilla Latte (Large),Drink,230,50,6,3.5,0,15,85,41,0,41,6,268.5
McDonald’s,Hotcake Syrup,Sauce,180,0,0,0,0,0,20,45,0,32,0,212
McDonald’s,Nonfat Cappuccino with Sugar Free Vanilla Syrup (Small),Drink,50,0,0,0,0,5,100,15,0,8,5,53
KFC,Musselman’s™ Applesauce,Dessert ,45,,0,0,0,0,0,12,1,8,0,53
McDonald’s,Hazelnut Cappuccino (Large),Drink,290,70,8,4.5,0,25,105,51,0,51,7,338.5
McDonald’s,Vanilla Cappuccino (Large),Drink,290,70,8,4.5,0,25,105,51,0,51,7,338.5
McDonald’s,Hazelnut Cappuccino (Medium),Drink,240,50,6,3.5,0,20,85,42,0,42,6,279.5
McDonald’s,Vanilla Cappuccino (Medium),Drink,240,50,6,3.5,0,20,85,42,0,42,6,279.5
McDonald’s,Iced Vanilla Latte (Medium),Drink,190,40,4.5,2.5,0,15,70,33,0,33,5,220.5
McDonald’s,Iced Caramel Latte (Large),Drink,230,50,6,3.5,0,15,150,40,0,40,6,267.5
McDonald’s,Iced Nonfat Latte (Large),Drink,70,0,0,0,0,5,105,11,0,11,7,74
McDonald’s,Iced Caramel Latte (Medium),Drink,180,40,4.5,2.5,0,15,120,31,0,31,4,209.5
McDonald’s,Hazelnut Cappuccino (Small),Drink,200,45,5,3,0,15,70,34,0,34,5,232
McDonald’s,Vanilla Cappuccino (Small),Drink,200,45,5,3,0,15,70,34,0,34,5,232
KFC,Strawberry Jam Packet,Sauce,35,,0,0,0,0,0,9,0,6,0,41
McDonald’s,Caramel Cappuccino (Large),Drink,290,70,8,4.5,0,25,190,49,0,49,8,335.5
McDonald’s,Nonfat Caramel Mocha (Large),Drink,280,35,4,2.5,0,10,260,49,0,46,12,316.5
McDonald’s,Caramel Cappuccino (Medium),Drink,240,50,6,3.5,0,20,150,41,0,40,6,277.5
McDonald’s,Nonfat Cappuccino (Small),Drink,60,0,0,0,0,5,85,9,0,9,6,63
McDonald’s,Nonfat Cappuccino (Medium),Drink,80,0,0,0,0,5,110,12,0,12,8,84
McDonald’s,Nonfat Latte (Large),Drink,120,0,0,0,0,5,160,18,0,18,12,126
McDonald’s,Iced Nonfat Latte (Medium),Drink,60,0,0,0,0,5,90,9,0,9,6,63
Burger King,HERSHEY’s Chocolate Sundae,Dessert ,260,45,5,3,0,20,160,49,1,43,5,301
KFC,Honey Sauce Packet,Sauce,30,,0,0,0,0,0,8,0,5,0,35
Burger King,Smoothie: Strawberry Banana 16 fl oz,Drink,310,10,1,0,0,0,55,71,3,50,4,356
McDonald’s,Hazelnut Latte (Medium),Drink,280,70,8,4.5,0,25,110,45,0,45,8,321.5
McDonald’s,Nonfat Caramel Mocha (Medium),Drink,240,35,4,2.5,0,5,200,41,0,38,9,271.5
McDonald’s,Hazelnut Latte (Large),Drink,330,80,9,5,0,30,130,53,0,53,9,379
McDonald’s,Vanilla Latte (Large),Drink,330,80,9,5,0,30,130,53,0,53,9,379
Burger King,1% Low Fat Chocolate Milk (8 fl oz),Drink,160,25,2.5,1.5,0,15,150,26,0,25,8,179
Burger King,1% Low Fat Chocolate Milk (8 fl oz),Drink,160,25,2.5,1.5,0,15,150,26,0,25,8,179
McDonald’s,Strawberry Sundae,Dessert ,280,60,6,4,0,25,95,49,1,45,6,323
McDonald’s,Caramel Cappuccino (Small),Drink,200,45,5,3,0,15,125,32,0,32,5,230
McDonald’s,Nonfat Cappuccino (Large),Drink,90,0,0,0,0,5,130,13,0,13,9,94
McDonald’s,Nonfat Latte (Small),Drink,90,0,0,0,0,5,115,13,0,13,9,94
McDonald’s,Nonfat Latte with Sugar Free Vanilla Syrup (Medium),Drink,90,0,0,0,0,5,160,22,0,13,9,94
McDonald’s,Nonfat Caramel Mocha (Small),Drink,200,35,4,2.5,0,5,170,34,0,31,8,225.5
KFC,Chocolate Milk 1%,Drink,150,,2.5,1.5,0,10,170,26,0,23,7,167.5
McDonald’s,Vanilla Latte (Medium),Drink,280,70,8,4.5,0,25,110,44,0,44,8,320.5
McDonald’s,Nonfat Cappuccino with Sugar Free Vanilla Syrup (Medium),Drink,70,0,0,0,0,5,130,19,0,10,7,73
Wendy’s,1% Chocolate Milk,Drink,150,,2.5,1.5,0,10,170,26,0,23,7,168
McDonald’s,Hazelnut Latte (Small),Drink,230,60,7,4,0,20,90,36,0,36,7,263
McDonald’s,Vanilla Latte (Small),Drink,230,60,7,4,0,20,90,36,0,36,7,263
McDonald’s,Iced Coffee– Hazelnut (Small),Drink,130,50,5,3.5,0,20,40,21,0,21,1,153.5
McDonald’s,Iced Coffee– Vanilla (Small),Drink,130,50,5,3.5,0,20,40,21,0,21,1,153.5
McDonald’s,Iced Coffee– Regular (Large),Drink,280,100,11,7,0,40,85,45,0,45,2,330
McDonald’s,Caramel Latte (Large),Drink,330,80,9,5,0,30,210,52,0,51,9,377
McDonald’s,Iced Coffee– Hazelnut (Large),Drink,270,100,11,7,0,40,85,43,0,43,2,318
McDonald’s,Iced Coffee– Vanilla (Large),Drink,270,100,11,7,0,40,80,43,0,43,2,318
McDonald’s,Hot Chocolate with Nonfat Milk (Large),Drink,390,50,6,3.5,0,10,250,68,0,59,16,436.5
Burger King,Strawberry Milk Shake,Drink,640,140,15,10,0,60,440,113,0,99,14,735
McDonald’s,Iced Nonfat Latte (Small),Drink,50,0,0,0,0,5,70,7,0,7,5,52
McDonald’s,Caramel Latte (Medium),Drink,280,70,8,4.5,0,25,170,43,0,43,8,319.5
McDonald’s,Hot Chocolate with Nonfat Milk (Medium),Drink,310,50,6,3.5,0,10,190,55,0,47,11,349.5
Wendy’s,"Vanilla Iced Coffee, Medium",Drink,250,,8,5,0,25,40,42,0,39,3,291
McDonald’s,Mocha with Nonfat Milk (Large),Drink,330,50,6,3.5,0,10,190,58,0,50,10,373.5
McDonald’s,Iced Coffee– Regular (Small),Drink,140,50,5,3.5,0,20,40,22,0,22,1,164.5
McDonald’s,Caramel Latte (Small),Drink,230,60,7,4,0,20,140,35,0,35,7,262
McDonald’s,1% Low Fat Chocolate Milk Jug,Drink,170,25,3,1.5,0,5,150,26,1,25,9,187.5
McDonald’s,Iced Nonfat Caramel Mocha (Large),Drink,300,60,6,4,0,10,230,49,0,45,11,338
McDonald’s,Nonfat Cappuccino with Sugar Free Vanilla Syrup (Large),Drink,80,0,0,0,0,5,150,22,0,11,8,83
McDonald’s,Strawberry Triple Thick Shake (32 fl oz cup),Drink,1110,240,26,16,2,100,350,194,0,168,25,1269
McDonald’s,Mocha with Nonfat Milk (Medium),Drink,280,50,6,3.5,0,10,160,50,0,42,8,317.5
McDonald’s,Nonfat Latte with Sugar Free Vanilla Syrup (Large),Drink,110,0,0,0,0,5,190,27,0,15,11,114
McDonald’s,Strawberry Triple Thick Shake (12 fl oz cup),Drink,420,90,10,6,0.5,40,130,73,0,63,10,479
McDonald’s,Strawberry Triple Thick Shake (16 fl oz cup),Drink,560,120,13,8,1,50,170,97,0,84,13,639
McDonald’s,Strawberry Triple Thick Shake (21 fl oz cup),Drink,740,160,18,11,1,70,230,128,0,111,17,845
Wendy’s,"Vanilla Iced Coffee, Small",Drink,170,,6,3.5,0,20,30,28,0,26,2,198
McDonald’s,Hot Chocolate with Nonfat Milk (Small),Drink,250,45,5,3,0,10,140,43,0,37,8,282
McDonald’s,Iced Coffee– Caramel (Small),Drink,130,50,5,3.5,0,20,80,21,0,20,1,152.5
McDonald’s,Nonfat Latte with Sugar Free Vanilla Syrup (Small),Drink,80,0,0,0,0,5,130,18,0,11,7,84
McDonald’s,Iced Coffee– Hazelnut (Medium),Drink,190,70,8,5,0,30,60,29,0,29,2,222
McDonald’s,Apple Dippers with Low Fat Caramel Dip,Dessert ,100,5,0.5,0,0,5,35,23,0,15,0,115
McDonald’s,Nonfat Latte (Medium),Drink,110,0,0,0,0,5,140,15,0,15,10,115
Burger King,Breakfast Syrup (1 oz),Sauce,120,0,0,0,0,0,15,30,0,18,0,138
Wendy’s,Summer Berry Burst Fruit Cup,Food,20,,0,0,0,0,0,5,1,3,0,23
McDonald’s,Iced Coffee– Caramel (Large),Drink,270,100,11,7,0,40,160,41,0,41,2,316
Wendy’s,"Caramel Iced Coffee, Medium",Drink,240,,8,5,0,25,45,40,0,36,3,278
McDonald’s,Iced Nonfat Latte with Sugar Free Vanilla Syrup (Large),Drink,60,0,0,0,0,5,130,19,0,8,6,62
Burger King,Fat FREE Milk (8 fl oz),Drink,90,0,0,0,0,5,125,13,0,12,9,93
Burger King,Fat FREE Milk (8 fl oz),Drink,90,0,0,0,0,5,125,13,0,12,9,93
Wendy’s,"Caramel Iced Coffee, Small",Drink,160,,6,3.5,0,20,30,26,0,24,2,186
McDonald’s,Iced Coffee– Regular (Medium),Drink,200,70,8,5,0,30,60,30,0,30,2,233
Burger King,Vanilla Milk Shake,Drink,580,140,15,10,0,60,420,98,0,85,14,661
McDonald’s,Chocolate Triple Thick Shake (32 fl oz cup),Drink,1160,240,27,16,2,100,510,203,2,168,27,1317
McDonald’s,Chocolate Triple Thick Shake (16 fl oz cup),Drink,580,120,14,8,1,50,250,102,1,84,13,659
McDonald’s,Hot Fudge Sundae,Dessert,330,90,10,7,0,25,180,54,2,48,8,377
Burger King,BK Café Mocha Frappe- 16 fl oz,Drink,400,90,10,7,0,40,270,68,1,58,9,456
McDonald’s,Chocolate Triple Thick Shake (21 fl oz cup),Drink,770,160,18,11,1,70,330,134,1,111,18,874
Wendy’s,"Mocha Iced Coffee, Small",Drink,170,,6,3.5,0,20,30,28,0,25,2,197
Burger King,HERSHEY’S Chocolate Milk Shake,Drink,610,140,16,10,0,60,500,103,1,88,14,694
McDonald’s,Iced Coffee– Vanilla (Medium),Drink,190,70,8,5,0,30,60,29,0,28,2,221
McDonald’s,Strawberry McCafé Shake (22 fl oz cup),Drink,860,220,24,15,1.5,75,260,144,0,124,18,981
McDonald’s,Iced Nonfat Caramel Mocha (Medium),Drink,240,60,6,4,0,10,190,37,0,34,9,269
McDonald’s,Chocolate Triple Thick Shake (12 fl oz cup),Drink,440,90,10,6,0.5,40,190,76,1,63,10,499
McDonald’s,Mocha with Nonfat Milk (Small),Drink,240,45,5,3,0,5,130,41,0,34,7,270
Burger King,Soft Serve Cup,Dessert,170,40,4.5,3,0,20,150,28,0,24,5,192
Burger King,BK Café Caramel Frappe- 20 fl oz,Drink,500,110,12,8,0,50,350,86,0,71,11,568
Wendy’s,"Vanilla Frosty, Junior",Dessert,190,,5,3.5,0,25,90,32,0,27,5,216
KFC,House Side Salad,Food,15,,0,0,0,0,10,3,2,2,1,16
Wendy’s,"Vanilla Frosty, Medium",Dessert,450,,12,8,0.5,55,210,75,0,63,12,509
McDonald’s,Strawberry McCafé Shake (16 fl oz cup),Drink,710,180,20,12,1,65,210,116,0,100,14,808
Burger King,BK Café Caramel Frappe- 16 fl oz,Drink,400,90,10,7,0,40,280,68,0,56,9,454
Burger King,BK Café Mocha Frappe- 20 fl oz,Drink,510,110,13,8,0,50,350,87,1,71,12,577
McDonald’s,Iced Coffee– Caramel (Medium),Drink,190,70,8,5,0,30,115,27,0,27,2,220
Wendy’s,"Classic Chocolate Frosty, Medium",Dessert,470,,12,8,0.5,50,210,79,0,65,13,530
Wendy’s,"Vanilla Frosty, Small",Dessert,340,,9,6,0,45,160,56,0,47,9,384
Wendy’s,"Classic Chocolate Frosty, Large",Dessert,590,,15,10,0.5,60,260,99,0,81,17,664
McDonald’s,Iced Nonfat Latte with Sugar Free Vanilla Syrup (Small),Drink,40,0,0,0,0,0,85,13,0,5,4,41
McDonald’s,Strawberry McCafé Shake (12 fl oz cup),Drink,570,150,17,10,1,50,170,92,0,79,11,648
Burger King,Caramel Sundae,Dessert,240,50,5,3.5,0,20,210,42,0,33,5,272
Wendy’s,"Vanilla Frosty, Large",Dessert,570,,15,10,0.5,70,260,94,0,78,15,643
McDonald’s,Chocolate McCafé Shake (22 fl oz cup),Drink,880,220,24,15,1.5,75,370,147,1,121,18,998
Burger King,BK Café Mocha Frappe- 12 fl oz,Drink,300,80,8,5,0,30,200,50,1,41,7,339
Burger King,BK Café Caramel Frappe- 12 fl oz,Drink,300,80,8,5,0,35,210,50,0,41,7,339
Burger King,BK Café Iced Mocha Coffee- 12 fl oz,Drink,180,70,8,4,0,25,40,27,1,25,2,207
Burger King,BK Café Iced Vanilla Coffee- 12 fl oz,Drink,150,70,8,4,0,25,30,21,0,21,1,174
Burger King,Chocolate Oreo Shake,Drink,740,190,22,13,0.5,70,680,121,1,101,17,837
Wendy’s,"Classic Chocolate Frosty, Junior",Dessert,200,,5,3,0,20,90,33,0,27,6,224
McDonald’s,Snack Size McFlurry with M&M’S Candies,Dessert,430,140,16,10,0.5,35,130,64,2,59,9,490
Burger King,Oreo Shake,Drink,720,180,20,12,0.5,65,540,118,1,98,16,814
McDonald’s,Chocolate McCafé Shake (16 fl oz cup),Drink,720,180,20,12,1,60,300,119,1,98,15,815
McDonald’s,McFlurry with M&M’S Candies (12 fl oz cup),Dessert,710,230,25,16,1,60,220,105,4,97,15,808
Wendy’s,"Classic Chocolate Frosty, Small",Food ,350,,9,6,0,35,150,58,0,47,10,393
Burger King,BK Café Iced Mocha Coffee- 20 fl oz,Drink,300,120,13,7,0,40,70,45,2,41,3,345
McDonald’s,Kiddie Cone,Dessert,45,10,1,0.5,0,5,20,8,0,6,1,50.5
McDonald’s,Fruit ‘n Yogurt Parfait (7 oz),Food,160,20,2,1,0,5,85,31,1,21,4,178
McDonald’s,Ketchup Packet,Sauce,15,0,0,0,0,0,110,3,0,2,0,17
McDonald’s,Tangy Honey Mustard Sauce,Sauce,60,20,2,0,0,5,140,10,0,8,0,68
McDonald’s,Iced Nonfat Latte with Sugar Free Vanilla Syrup (Medium),Drink,50,0,0,0,0,5,100,14,0,6,5,51
Burger King,BK Café Iced Vanilla Coffee- 16 fl oz,Drink,200,90,10,5,0,30,40,27,0,27,2,230
McDonald’s,Chocolate McCafé Shake (12 fl oz cup),Drink,580,150,17,10,1,50,240,94,1,77,11,656
McDonald’s,Vanilla Triple Thick Shake (16 fl oz cup),Drink,550,120,13,8,1,50,190,96,0,72,13,617
Wendy’s,"Mocha Iced Coffee, Medium",Drink,210,,8,5,0,25,40,32,0,28,3,240
McDonald’s,Vanilla Triple Thick Shake (32 fl oz cup),Drink,1110,240,26,16,2,100,370,193,0,145,25,1246
McDonald’s,Caramel Mocha (Medium),Drink,290,100,12,7,0,25,180,39,0,38,8,327
McDonald’s,Iced Nonfat Caramel Mocha (Small),Drink,200,50,6,4,0,10,140,29,0,26,6,224
Burger King,BK Café Iced Mocha Coffee- 16 fl oz,Drink,240,90,10,6,0,30,55,35,1,32,2,276
McDonald’s,Iced Mocha with Nonfat Milk (Medium),Drink,270,70,8,4.5,0,10,140,43,0,35,7,302.5
McDonald’s,Vanilla Triple Thick Shake (21 fl oz cup),Drink,740,160,18,11,1,70,250,128,0,96,17,830
McDonald’s,Hot Caramel Sundae,Dessert,340,70,8,5,0,30,160,60,1,44,7,382
McDonald’s,Vanilla Triple Thick Shake (12 fl oz cup),Drink,420,90,10,6,0.5,40,140,72,0,54,9,471
McDonald’s,Low Fat Caramel Dip,Sauce,70,5,0.5,0,0,5,35,15,0,9,0,79
McDonald’s,Caramel Mocha (Large),Drink,360,130,14,8,0.5,35,220,47,0,46,10,404
McDonald’s,1% Low Fat Milk Jug,Drink,100,20,2.5,1.5,0,10,125,12,0,12,8,105.5
Burger King,BK Café Iced Vanilla Coffee- 20 fl oz,Drink,260,110,13,7,0,40,50,34,0,34,2,299
McDonald’s,Frappe Caramel (Large),Drink,680,260,29,18,1.5,85,200,94,0,88,10,776
Burger King,Soft Serve Cone,Dessert,190,40,4.5,3,0,20,150,32,0,24,5,212
Burger King,Soft Serve Cone,Dessert,190,40,4.5,3,0,20,150,32,0,24,5,212
McDonald’s,Frappe Caramel (Medium),Drink,550,220,24,15,1,70,160,76,0,71,8,628
McDonald’s,Snack Size McFlurry with OREO Cookies,Dessert ,340,100,12,6,0,30,200,53,2,43,8,381
McDonald’s,McFlurry with OREO Cookies (12 fl oz cup),Dessert ,580,170,19,10,1,50,320,89,3,73,13,650
McDonald’s,Frappe Mocha (Large),Drink,680,250,28,18,1,80,200,96,1,87,10,775
McDonald’s,Frappe Caramel (Small),Drink,450,180,20,13,1,55,135,61,0,57,6,514
McDonald’s,Vanilla McCafé Shake (22 fl oz cup),Drink,830,210,24,14,1.5,75,270,138,0,103,17,930
McDonald’s,Caramel Mocha (Small),Drink,250,90,11,6,0,25,150,33,0,31,7,280
McDonald’s,Mocha (Medium),Drink,330,110,12,7,0,25,150,48,0,41,7,371
McDonald’s,Frappe Mocha (Medium),Drink,560,210,24,15,1,65,160,78,1,70,8,637
McDonald’s,Mocha (Large),Drink,400,130,14,8,0.5,30,190,58,0,49,10,447
McDonald’s,Frappe Mocha (Small),Drink,450,180,20,13,1,55,130,62,1,56,7,512
McDonald’s,Vanilla Reduced Fat Ice Cream Cone,Dessert ,150,35,3.5,2,0,15,60,24,0,18,4,166
McDonald’s,Iced Caramel Mocha (Large),Drink,380,140,16,9,0.5,35,210,48,0,46,10,425
McDonald’s,Vanilla McCafé Shake (16 fl oz cup),Dessert ,680,180,20,12,1,60,220,111,0,82,14,760
McDonald’s,Snack Size Fruit & Walnut Salad,Food,210,70,8,1.5,0,5,60,31,2,25,4,232.5
McDonald’s,Hot Chocolate (Medium),Drink,380,130,15,9,0.5,30,170,53,0,45,10,424
McDonald’s,Vanilla McCafé Shake (12 fl oz cup),Drink,540,150,16,10,1,45,170,88,0,64,10,604
KFC,Milk 1%,Drink,90,,2,1.5,0,10,105,10,0,10,7,94.5
McDonald’s,Hot Chocolate (Large),Drink,460,160,18,10,0.5,40,220,63,0,54,13,511
McDonald’s,Mocha (Small),Drink,280,100,11,6,0,20,125,40,0,33,6,313
Wendy’s,1% White Milk,Drink,90,,2,1.5,0,10,105,10,0,10,7,95
McDonald’s,Hot Chocolate (Small),Drink,300,110,12,7,0,25,135,41,0,35,8,334
KFC,Café Valley Mini Chocolate Chip Cake,Dessert ,300,,12,2.5,0,40,190,49,1,35,3,334.5
McDonald’s,Iced Mocha (Medium),Drink,310,120,13,8,0,25,140,42,0,35,7,346
McDonald’s,Fruit & Maple Oatmeal,Food,290,40,4.5,2,0,10,160,57,5,32,5,319
McDonald’s,Iced Caramel Mocha (Medium),Drink,300,120,14,8,0,30,160,36,0,33,8,333
McDonald’s,Iced Caramel Mocha (Small),Drink,240,100,12,7,0,25,130,29,0,26,6,267
McDonald’s,Side Salad,Food,20,0,0,0,0,0,10,4,1,2,1,21
KFC,Café Valley Mini Lemon Cake,Dessert ,300,,13,2.5,0,50,230,43,0,31,3,330.5
McDonald’s,Hot Mustard Sauce,Sauce,60,20,2.5,0,0,5,250,9,2,6,1,65
KFC,Diet Mountain Dew (20 fl oz),Drink,10,,0,0,0,0,90,1,0,1,0,11
KFC,Diet Mountain Dew (30 fl oz),Drink,10,,0,0,0,0,140,1,0,1,0,11
KFC,Chocolate Chip Cookie,Dessert ,120,,6,3,0,<5,70,18,1,12,1,134
McDonald’s,Chocolate Chip Cookie,Dessert ,160,70,8,3.5,0,10,90,21,1,15,2,176.5
Burger King,Chocolate Chip Cookies (each),Dessert ,160,70,8,4,0,10,125,24,1,15,2,177
KFC,Café Valley Lemon Cake (1 Slice),Dessert ,220,,10,2,0,30,170,30,0,20,2,240
Burger King,Ken’s Lite Honey Balsamic Vinaigrette,Sauce,120,70,8,1,0,0,220,14,0,11,0,132
KFC,Café Valley Chocolate Chip Cake (1 Slice),Dessert ,300,,15,3,0,50,260,39,1,27,4,326
KFC,Oreo Cookies and Crème Pie,Dessert ,270,,13,8,0,<5,210,35,1,24,3,299
McDonald’s,Oatmeal Raisin Cookie,Dessert ,150,50,6,2.5,0,10,135,22,1,13,2,163.5
KFC,BBQ Baked Beans,Food,190,,1,0,0,0,650,34,7,15,11,194
McDonald’s,Iced Latte (Medium),Drink,100,50,6,3.5,0,15,80,8,0,8,6,105.5
McDonald’s,Cappuccino (Medium),Drink,140,70,8,4.5,0,25,105,11,0,11,8,147.5
KFC,BBQ Baked Beans (Family),Food,830,,5,1,0,0,2810,148,31,63,47,847
Burger King,Pie made with TWIX,Dessert ,370,180,20,13,0,10,330,45,1,30,4,409
McDonald’s,Latte with Sugar Free Vanilla Syrup (Small),Drink,130,60,7,4,0,20,125,17,0,10,7,137
McDonald’s,Latte (Large),Drink,210,100,11,7,0,35,150,16,0,16,11,222
Burger King,Honey Mustard Dipping Sauce (1oz),Sauce,90,60,6,1,0,10,180,8,0,7,0,98
McDonald’s,Cappuccino with Sugar Free Vanilla Syrup (Medium),Drink,120,60,6,3.5,0,20,130,18,0,9,6,126.5
McDonald’s,Iced Latte (Small),Drink,80,40,4.5,2.5,0,15,65,6,0,6,4,84.5
McDonald’s,Cappuccino (Small),Drink,120,60,7,4,0,20,85,9,0,9,6,127
Wendy’s,Chocolate Chunk Cookie,Drink,310,,16,8,0,20,210,40,2,24,3,339
Wendy’s,"Apple Pecan Chicken Salad, Full Size",Food,560,,24,7,0,115,1020,52,7,40,38,569
McDonald’s,Latte (Small),Drink,150,70,8,4.5,0,25,105,11,0,11,8,157.5
McDonald’s,Cappuccino with Sugar Free Vanilla Syrup (Large),Drink,150,70,8,4.5,0,25,160,22,0,11,8,157.5
McDonald’s,Newman’s Own Low Fat Balsamic Vinaigrette,Sauce,40,25,3,0,0,0,730,4,0,3,0,43
McDonald’s,Iced Latte with Sugar Free Vanilla Syrup (Large),Drink ,110,50,6,3.5,0,15,130,19,0,8,6,115.5
McDonald’s,Latte (Medium),Drink ,180,90,10,6,0,30,130,13,0,13,10,189
McDonald’s,Latte with Sugar Free Vanilla Syrup (Large),Drink ,180,90,10,6,0,30,180,25,0,13,10,189
McDonald’s,Cappuccino (Large),Drink,180,90,10,6,0,30,130,13,0,13,9,190
Burger King,Dutch Apple Pie,Dessert ,340,130,14,6,0,0,310,51,1,25,3,368
McDonald’s,Iced Latte (Large),Drink,140,70,8,4.5,0,25,105,10,0,10,7,147.5
KFC,Reese’s Peanut Butter Pie,Drink,300,,17,9,0,<5,270,33,1,22,5,326
Wendy’s,Double Chocolate Chunk Cookie,Dessert ,290,,14,7,0,20,230,39,4,21,4,314
Wendy’s,Sugar Cookie,Dessert ,330,,16,8,0,25,300,43,1,24,3,359
McDonald’s,Cappuccino with Sugar Free Vanilla Syrup (Small),Drink,100,50,5,3,0,15,105,15,0,7,5,105
Burger King,Kids Oatmeal,Food,170,30,3,1.5,0,5,260,32,3,12,4,180
Burger King,OREO Cookie Cheesecake,Dessert ,350,170,18,8,0,35,310,41,1,25,6,377
McDonald’s,Latte with Sugar Free Vanilla Syrup (Medium),Drink,160,70,8,5,0,25,150,21,0,11,8,168
McDonald’s,Fruit & Maple Oatmeal without Brown Sugar,Food,260,40,4.5,2,0,10,115,48,5,18,5,275
McDonald’s,Cinnamon Melts,Dessert ,460,170,19,9,0,15,370,66,3,32,6,495
Burger King,HERSHEY’S Sundae Pie,Dessert ,310,170,19,12,0,10,220,32,1,22,3,341
Wendy’s,"Berry Burst Chicken Salad, Full Size",Food,460,,17,4.5,0,105,1090,41,7,29,41,453
McDonald’s,Sugar Cookie,Dessert ,160,60,7,3,0,5,120,21,0,11,2,172
McDonald’s,Iced Latte with Sugar Free Vanilla Syrup (Medium),Drink,90,40,5,3,0,15,105,14,0,6,5,94
Wendy’s,"Apple Pecan Chicken Salad, Half Size",Food,340,,17,4,0,55,550,29,4,22,20,346
McDonald’s,Iced Latte with Sugar Free Vanilla Syrup (Small),Drink,60,30,3,2,0,10,80,12,0,4,3,63
KFC,Honey BBQ Sandwich,Food,350,,3.5,0.5,0,55,1350,55,2,22,24,348.5
KFC,Marzetti Light Italian Dressing,Sauce,15,,0.5,0,0,0,510,2,0,1,0,16
KFC,Macaroni Salad,Food,140,,8,1,0,15,290,14,0,9,1,149
KFC,Macaroni Salad (Family),Food,480,,28,3.5,0,55,990,50,0,30,3,510.5
KFC,Hidden Valley The Original Ranch Fat Free Dressing,Sauce,35,,0,0,0,0,410,8,0,2,1,36
KFC,Coleslaw,Food,170,,12,2,0,<5,180,14,4,10,1,181
KFC,Limited Time Cinnabon Dessert  Biscuits,Dessert ,290,,13,7,0,<5,580,40,2,17,4,310
KFC,Coleslaw (Family),Food,640,,46,7,0,15,670,54,14,37,4,680
Wendy’s,"Berry Burst Chicken Salad, Half Size",Food,290,,13,2.5,0,50,570,23,5,15,23,285
KFC,KFC Sauce – Dipping Sauce Cup,Sauce,90,,8,1.5,0,10,170,5,0,5,0,96.5
KFC,Honey Mustard – Dipping Sauce Cup,Suace,110,,9,1.5,0,<5,120,6,0,6,0,117.5
KFC,KFC Cornbread Muffin,Dessert,210,,9,1.5,0,35,240,28,<1,11,3,219.5
KFC,Apple Turnover,Dessert,230,,10,2.5,0,0,140,32,<1,12,2,242.5
McDonald’s,Baked Hot Apple Pie,Dessert,250,110,13,7,0,0,170,32,4,13,2,268
McDonald’s,McDonaldland Cookies,Dessert,260,70,8,2.5,0,0,300,43,1,13,4,271.5
Burger King,Pancake and Sausage platter,Food,610,280,31,9,0,80,1010,72,1,30,12,637
McDonald’s,Premium Caesar Salad (without chicken),Food,90,35,4,2.5,0,10,180,9,3,4,7,89.5
McDonald’s,Premium Southwest Salad (without chicken),Food,140,40,4.5,2,0,10,150,20,6,6,6,142
KFC,Corn on the Cob,Food,70,,0.5,0,0,0,0,17,2,3,2,71
Burger King,BK™ Ultimate Breakfast Platter,Food,930,390,44,11,0,390,2230,110,4,40,24,957
KFC,KENTUCKY FRIED WINGS Honey BBQ,Food,100,,6,1,0,20,210,8,0,4,5,100
KFC,Green Beans,Food,25,,0,0,0,0,300,5,3,1,1,25
McDonald’s,Hotcakes,Food,350,80,9,2,0,20,590,60,3,14,8,358
KFC,Corn on the Cob (Family),Food,280,,2,0,0,0,15,67,8,11,9,282
KFC,Green Beans (Family),Food,80,,0,0,0,0,930,15,9,3,4,79
Wendy’s,"Chili, Large",Food,250,,7,3,0.5,50,1170,23,5,9,23,239
Wendy’s,"Chili, Small",Food,170,,5,2,0,35,780,16,4,6,15,163
Burger King,PB&J Jamwich,Food,300,140,16,3,0,0,290,33,4,11,11,303
McDonald’s,Premium Southwest Salad with Grilled Chicken,Food,320,80,9,3,0,70,960,30,6,11,30,304
McDonald’s,"Bacon, Egg & Cheese McGriddles",Food,420,160,18,8,0,240,1110,48,2,15,15,428
McDonald’s,Sausage McGriddles,Food,420,200,22,8,0,35,1030,44,2,15,11,432
Burger King,NY Ultimate Platter (Regional menu item),Food,900,420,46,12,0,380,1760,95,5,31,25,918
Burger King,French Toast Sticks (3 piece),Food,230,100,11,2,0,0,260,29,1,8,3,237
Burger King,French Toast Sticks (5 piece),Food,380,160,18,3,0,0,430,49,2,13,5,391
Burger King,Garden Side Salad – w/o dressing,Food,60,35,4,2.5,0,10,95,3,1,2,4,61
McDonald’s,Newman’s Own Creamy Southwest Dressing,Food,100,50,6,1,0,20,340,11,0,3,1,103
McDonald’s,Premium Bacon Ranch Salad (without chicken),Food,140,70,7,3.5,0,25,300,10,3,4,9,138.5
KFC,Sweet Kernel Corn (Family),Food,280,,2.5,0,0,0,10,67,7,8,10,278
McDonald’s,Premium Southwest Salad with Crispy Chicken,Food,430,180,20,4,0,55,920,38,6,12,26,420
KFC,Sweet Kernel Corn,Food,70,,0.5,0,0,0,0,16,2,2,2,70
Wendy’s,"Taco Salad, Full Size",Food,660,,32,13,1,85,1820,63,10,18,32,659
McDonald’s,Hotcakes and Sausage,Food,520,210,24,7,0,50,930,61,3,14,15,526
McDonald’s,"Sausage, Egg & Cheese McGriddles",Food,560,290,32,12,0,265,1360,48,2,15,20,567
KFC,Caesar Side Salad,Food,40,,2,1,0,5,90,2,1,1,3,39
Wendy’s,"Taco Salad, Half Size",Food,470,,23,8,0.5,45,1320,49,7,12,19,471
Burger King,Hamburger,Food,240,90,10,3.5,0.5,35,380,26,1,6,13,237
Burger King,Hamburger,Food,240,90,10,3.5,0.5,35,380,26,1,6,13,237
McDonald’s,Premium Caesar Salad with Grilled Chicken,Food,220,60,6,3,0,75,890,12,3,5,30,198
Burger King,Cheeseburger,Food,280,120,13,6,0.5,45,560,27,1,7,15,278
Burger King,Cheeseburger,Food,280,120,13,6,0.5,45,560,27,1,7,15,278
McDonald’s,Premium Grilled Chicken Ranch BLT Sandwich,Food,380,90,10,3,0,75,1000,41,4,9,31,361
McDonald’s,Hamburger,Food,250,80,9,3.5,0.5,25,520,31,2,6,12,247.5
Wendy’s,S’Awesome Sauce,Food,120,,12,2,0,0,170,4,1,3,1,124
KFC,Crispy Colonel’s Sandwich – Honey BBQ,Food,510,,25,3.5,0,60,1290,48,<1,12,24,501.5
McDonald’s,Premium Grilled Chicken Classic Sandwich,Food,360,80,9,2,0,65,820,41,4,8,27,343
Wendy’s,Grilled Chicken Sandwich,Food,370,,10,2,0,90,830,38,3,8,34,346
McDonald’s,Newman’s Own Ranch Dressing,Food,170,130,15,2.5,0,20,530,9,0,4,1,175.5
Burger King,Whopper JR. Sandwich,Food,310,160,18,5,0.5,40,390,27,1,7,13,309
KFC,Chicken Littles – Honey BBQ,Food,320,,15,2.5,0,30,680,31,1,7,14,315.5
Burger King,Bacon Cheeseburger,Food,320,140,16,7,0.5,55,710,27,1,7,17,317
McDonald’s,McRib ,Food,500,240,26,10,0,70,980,44,3,11,22,499
Wendy’s,Jr. Cheeseburger,Food,280,,13,6,1,50,660,26,1,6,16,276
McDonald’s,Premium Bacon Ranch Salad with Grilled Chicken,Food,260,90,9,4,0,90,1010,12,3,5,33,236
Wendy’s,Kids Hamburger,Food,240,,9,3.5,0.5,40,350,24,1,5,13,236
McDonald’s,Iced Coffee with Sugar Free Vanilla Syrup (Medium),Food,90,70,8,5,0,30,100,11,0,2,2,95
McDonald’s,Premium Crispy Chicken Ranch BLT Sandwich,Food,540,210,23,4.5,0,55,1160,56,3,11,27,528.5
Wendy’s,Jr. Cheeseburger Deluxe,Food,340,,19,7,1,55,660,27,2,7,16,338
McDonald’s,Premium Grilled Chicken Club Sandwich,Food,460,150,17,6,0,90,1040,43,4,9,35,440
McDonald’s,Angus Chipotle BBQ Bacon,Food,800,350,39,18,2,145,2020,66,4,16,45,789
McDonald’s,Cheeseburger,Food,300,110,12,6,0.5,40,750,33,2,6,15,297
McDonald’s,Premium Crispy Chicken Classic Sandwich,Food,510,200,22,3.5,0,45,990,56,3,10,24,499.5
McDonald’s,Chipotle BBQ Snack Wrap (Grilled),Food,260,80,9,3.5,0,45,830,28,1,5,18,250.5
Burger King,IMPOSSIBLE Whopper Sandwich,Food,630,310,34,11,0,10,1080,58,4,12,25,628
McDonald’s,Premium Caesar Salad with Crispy Chicken,Food,330,150,17,4.5,0,60,840,20,3,6,26,314.5
McDonald’s,McDouble,Food,390,170,19,8,1,65,920,33,2,7,22,383
Burger King,Double Cheeseburger,Food,390,190,21,9,1.5,85,590,27,1,7,23,383
McDonald’s,Premium Crispy Chicken Club Sandwich,Food,620,260,29,7,0,70,1200,57,3,11,31,607
Wendy’s,Kids Cheeseburger,Food,280,,13,6,0.5,50,540,25,1,5,15,276
Burger King,Ken’s Golden Italian Dressing,Food,160,150,17,2.5,0,0,380,4,0,3,0,166
McDonald’s,Quarter Pounder with Cheese,Food,510,230,26,12,1.5,90,1190,40,3,9,29,502
Wendy’s,Honey Butter Chicken Biscuit,Food,500,,26,12,0,50,1120,48,1,9,19,502
McDonald’s,Big N’ Tasty,Food,460,220,24,8,1.5,70,720,37,3,8,24,452
Burger King,Double Hamburger,Food,350,160,18,7,1,70,410,26,1,6,21,342
Burger King,Single Quarter Pound King Sandwich,Food,580,260,29,13,1.5,105,1310,49,2,10,32,571
McDonald’s,Premium Bacon Ranch Salad with Crispy Chicken,Food,370,180,20,6,0,75,970,20,3,6,29,353
Burger King,Bacon Double Cheeseburger,Food,420,210,24,10,1.5,90,740,27,1,7,25,412
McDonald’s,Big Mac,Food,540,260,29,10,1.5,75,1040,45,3,9,25,534
Burger King,Whopper Sandwich,Food,660,360,40,12,1.5,90,980,49,2,11,28,655
McDonald’s,Angus Bacon & Cheese,Food,790,350,39,17,2,145,2070,63,4,13,45,775
McDonald’s,Newman’s Own Low Fat Family Recipe Italian Dressing,Food,60,20,2.5,0,0,0,730,8,0,1,1,60
Burger King,Buttery Garlic Croutons- Packet,Food,60,20,2.5,0,0,10,180,9,0,1,1,60
Wendy’s,Caesar Side Salad,Food,240,,15,4,0,30,500,19,3,4,8,240
Burger King,BBQ Bacon Crispy Chicken Sandwich,Food,790,440,49,10,0.5,80,1630,60,2,13,28,785
McDonald’s,Double Cheeseburger,Food,440,210,23,11,1.5,80,1150,34,2,7,25,433
McDonald’s,Honey Mustard Snack Wrap (Grilled),Food,260,80,9,3.5,0,45,800,27,1,4,18,249.5
Wendy’s,Dave’s Single,Food,570,,34,13,1.5,100,1110,40,3,9,30,562
McDonald’s,Big N’ Tasty with Cheese,Food,510,250,28,11,1.5,85,960,38,3,8,27,502
Wendy’s,Garden Side Salad,Food,250,,18,4,0,20,460,18,2,4,7,251
Wendy’s,Double Stack,Food,390,,21,9,1.5,90,740,26,1,6,25,380
McDonald’s,Iced Coffee with Sugar Free Vanilla Syrup (Small),Food,60,50,5,3.5,0,20,70,8,0,1,1,63.5
McDonald’s,Iced Coffee with Sugar Free Vanilla Syrup (Large),Food,120,100,11,7,0,40,140,16,0,2,2,127
McDonald’s,Big Breakfast with Hotcakes (Regular Size Biscuit),Food,1090,510,56,19,0,575,2150,111,6,17,36,1090
McDonald’s,Southern Style Crispy Chicken Sandwich,Food,400,150,17,3,0,45,1030,39,1,6,24,385
Burger King,Spicy Crispy Chicken Jr.,Food,390,190,21,3.5,0,30,740,37,2,6,12,388
Wendy’s,Chili & Cheese Baked Potato,Food,460,,11,5,0,35,710,71,8,7,19,453
McDonald’s,Angus Chipotle BBQ Bacon Snack Wrap,Food,400,190,22,10,1,75,1060,30,1,6,21,395
Burger King,Whopper Sandwich with Cheese,Food,740,420,46,16,2,115,1340,50,2,11,32,735
KFC,Macaroni & Cheese (Family),Food,540,,23,6,0,10,2220,66,5,8,18,536
McDonald’s,Big Breakfast with Hotcakes (Large Size Biscuit),Food,1150,540,60,20,0,575,2260,116,7,17,36,1151
Burger King,Single Stacker King,Food,700,380,42,16,2,125,1360,48,1,10,35,691
KFC,Macaroni & Cheese,Food,140,,6,1.5,0,<5,590,17,1,2,5,138.5
Burger King,Extra Long Cheeseburger,Food,630,330,37,14,1.5,100,1050,45,2,9,29,624
McDonald’s,McChicken ,Food,360,150,16,3,0,35,830,40,2,5,14,354
Burger King,Bacon & Cheese Whopper Sandwich,Food,790,460,51,17,2,125,1560,50,2,11,35,783
Wendy’s,"Southwest Avocado Chicken Salad, Half Size",Food,300,,20,6,0,70,620,10,4,4,21,289
Burger King,BIG FISH Sandwich,Food,510,250,28,4.5,0,30,1180,51,2,7,16,506
Burger King,Onion Rings – large,Food,500,230,25,4.5,0,0,1310,64,5,7,5,507
Burger King,"CROISSAN’WICH Ham, Egg & Cheese",Food,370,170,19,8,0,175,1030,30,1,5,17,366
McDonald’s,Angus Deluxe,Food,750,350,39,16,2,135,1700,61,4,10,40,736
McDonald’s,Filet-O-Fish,Food,380,170,18,3.5,0,40,640,38,2,5,15,373.5
Wendy’s,Jr. Bacon Cheeseburger,Food,380,,22,8,1,65,680,25,1,5,19,374
Burger King,Onion Rings – value,Food,150,70,8,1.5,0,0,400,19,1,2,1,153
Wendy’s,Sour Cream and Chive Baked Potato,Food,310,,2.5,2.5,0,10,35,63,7,4,8,309
Wendy’s,Artisan Egg Sandwich with Bacon,Food,320,,17,8,0,245,750,25,1,4,18,314
McDonald’s,English Muffin,Food,160,30,3,0.5,0,0,280,27,2,2,5,157.5
McDonald’s,"Bacon, Egg & Cheese Bagel",Food,560,240,27,9,0.5,260,1300,56,3,7,24,552
McDonald’s,Double Quarter Pounder with Cheese,Food,740,380,42,19,2.5,155,1380,40,3,9,48,720
Burger King,Double Quarter Pound King Sandwich,Food,900,480,54,25,3,210,1740,50,2,11,56,880
Burger King,Double Whopper Sandwich,Food,900,520,58,20,3,175,1050,49,2,11,48,883
Wendy’s,Crispy Chicken Sandwich,Food,330,,16,3,0,30,600,33,2,4,14,323
Burger King,Onion Rings – small,Food,320,150,16,3,0,0,840,41,3,4,3,324
McDonald’s,Honey Mustard Snack Wrap (Crispy),Food,330,140,16,4.5,0,30,780,34,1,4,14,324.5
McDonald’s,Chipotle BBQ Snack Wrap (Crispy),Food,330,140,15,4.5,0,30,810,35,1,4,14,324.5
Wendy’s,Spicy Chicken Sandwich,Food,510,,20,3.5,0,65,1030,54,4,6,29,491
Wendy’s,Homestyle Chicken Sandwich,Food,510,,22,4,0,70,1150,51,3,6,28,492
Wendy’s,Crispy Chicken BLT,Food,420,,23,6,0,50,950,35,2,5,20,411
Wendy’s,"Southwest Avocado Chicken Salad, Full Size",Food,600,,41,11,0,135,1220,18,7,7,42,576
Wendy’s,Fresh-Baked Biscuit with Applewood Smoked Bacon,Food,410,,24,13,0,235,970,34,1,5,15,413
Burger King,Crispy Chicken Sandwich,Food,670,370,41,7,0,60,1080,54,2,8,23,662
Burger King,Buffalo Dipping Sauce (1 oz),Sauce,80,70,8,1.5,0,5,360,2,0,1,0,83
Burger King,Onion Rings – medium,Food,410,190,21,3.5,0,0,1080,53,4,5,4,415
Wendy’s,Grilled Asiago Ranch Club,Food,530,,23,7,0,120,1220,36,3,6,43,500
Wendy’s,Sausage and Gravy Biscuit,Food,490,,29,14,0,20,1400,49,2,6,8,502
Burger King,CROISSAN’WICH Egg & Cheese,Food,340,170,18,8,0,160,610,29,1,4,12,340
Wendy’s,Cheese Baked Potato,Food,430,,13,7,0,30,560,65,7,5,14,428
Wendy’s,Grilled Chicken Wrap,Food,270,,10,3.5,0,55,640,24,2,3,20,257
Wendy’s,Kids Grilled Chicken Wrap,Food,270,,10,3.5,0,55,640,24,2,3,20,257
Burger King,Spicy Crispy Chicken Sandwich,Food,700,370,42,7,0,65,1140,57,3,8,25,690
Wendy’s,Biggie Breakfast Sandwich,Food,610,,40,15,0,290,1400,37,2,7,27,605
Burger King,Double Whopper Sandwich with Cheese,Food,980,580,64,24,3,195,1410,50,2,11,52,963
Wendy’s,Son of Baconator,Food,630,,39,15,1.5,125,1280,37,2,7,34,618
Wendy’s,Plain Baked Potato,Food,270,,0,0,0,0,25,61,7,3,7,266
Burger King,Crispy Chicken Jr.,Food,450,270,30,5,0,30,780,34,2,5,12,448
Wendy’s,Homestyle Asiago Ranch Chicken Club,Food,660,,34,9,0,100,1650,52,3,7,38,638
Burger King,"CROISSAN’WICH Bacon, Egg & Cheese",Food,370,190,21,9,0,170,760,30,1,4,14,369
McDonald’s,"Steak, Egg & Cheese Bagel",Food,660,300,33,12,1,300,1580,56,3,7,33,646
Burger King,Double Stacker King,Food,1050,610,68,28,3.5,235,1870,49,1,11,61,1028
McDonald’s,Angus Mushroom & Swiss,Food,770,360,40,17,2,135,1170,59,4,8,44,751
McDonald’s,Angus Bacon & Cheese Snack Wrap,Food,390,190,21,9,1,75,1080,28,1,4,21,382
McDonald’s,Egg McMuffin,Food,300,110,12,5,0,260,820,30,2,3,18,290
McDonald’s,Newman’s Own Creamy Caesar Dressing,Food,190,170,18,3.5,0,20,500,4,0,2,2,193.5
KFC,Chicken Littles,Food,300,,15,2.5,0,30,620,27,1,3,14,291.5
Wendy’s,Sausage Biscuit,Food,480,,33,15,0,50,1010,35,1,5,12,488
Wendy’s,Two Sausage Biscuits,Food,960,,65,31,0,95,2020,70,3,10,23,978
Wendy’s,Dave’s Double,Food,810,,51,20,3,175,1280,41,3,8,49,789
Burger King,Bacon & Cheese Crispy Chicken Sandwich,Food,800,460,52,13,1,95,1650,55,2,8,30,791
Wendy’s,Fresh Baked Biscuit with Natural Sausage,Food,590,,41,19,0,270,1270,36,1,6,20,595
Wendy’s,"Spicy Caesar Chicken Salad, Half Size",Food,410,,23,6,0.5,75,930,30,5,4,23,397
KFC,Spicy Chicken Sandwich,Food,620,,33,4,0,85,2140,49,1,6,34,596
Burger King,Triple Whopper Sandwich,Food,1130,680,75,28,4,255,1120,49,2,11,67,1102
KFC,Chicken Littles – Buffalo,Food,310,,17,2.5,0,30,790,27,1,3,14,301.5
KFC,Potato Salad (Family),Food,1200,,98,16,0,80,1010,65,8,12,8,1220
KFC,Classic Chicken Sandwich,Food,650,,35,4.5,0,90,1260,49,1,6,34,626.5
Burger King,Club Salad with Crispy Chicken – no dressing,Food,540,300,33,10,0,95,1380,31,3,5,31,524
KFC,Crispy Colonel’s Sandwich – Nashville Hot,Food,540,,32,4.5,0,60,1290,40,<1,5,24,525.5
Burger King,Cheddar Bacon King Sandwich,Food,1190,750,84,33,3.5,235,1930,50,2,11,64,1170
Burger King,Garden Chicken Salad with Crispy Chicken – no dressing,Food,440,220,25,7,0,75,930,31,3,4,25,426
Wendy’s,Spicy Asiago Ranch Club,Food,670,,32,9,0,100,1530,55,4,6,38,647
Wendy’s,Bacon Cheese Baked Potato,Food,440,,14,6,0,35,550,64,7,4,17,433
McDonald’s,Mac Snack Wrap,Food,330,170,19,7,1,45,690,26,1,3,15,325
Burger King,Triple Whopper Sandwich with Cheese,Food,1220,740,82,32,4.5,280,1470,50,2,11,71,1192
KFC,Chicken Littles – Nashville Hot,Food,340,,19,3,0,30,680,27,1,3,14,332
Burger King,Bacon King Sandwich,Food,1150,710,79,31,3.5,240,2150,49,2,10,61,1130
KFC,Crispy Colonel’s Sandwich,Food,470,,24,3.5,0,60,1170,39,<1,4,24,453.5
Burger King,Double CROISSAN’WICH with Ham & Sausage,Food,580,340,38,16,0.5,220,1530,31,1,5,27,574
KFC,Potato Salad,Food,340,,28,4.5,0,25,290,19,2,3,2,345.5
Wendy’s,Baconator,Food,950,,62,24,3,205,1630,40,2,8,59,923
Burger King,Double CROISSAN’WICH with Sausage & Bacon,Food,580,340,40,16,0.5,215,1260,31,1,5,23,578
Wendy’s,"Spicy Caesar Chicken Salad, Full Size",Food,720,,42,12,1,150,1680,44,8,6,42,696
McDonald’s,Southern Style Chicken Biscuit (Large Size Biscuit),Food,470,220,24,9,0,30,1290,46,3,4,17,466
Wendy’s,Dave’s Triple,Food,1090,,72,30,4,260,1650,43,3,9,71,1058
Wendy’s,Artisan Egg Sandwich with Sausage,Food,480,,33,13,0,275,980,27,1,4,21,476
McDonald’s,"Bacon, Egg & Cheese Biscuit (Large Size Biscuit)",Food,480,240,27,12,0,235,1270,43,3,4,15,481
Burger King,Fully Loaded CROISSAN’WICH,Food,610,360,40,17,0.5,225,1680,31,1,5,28,604
KFC,Crispy Colonel’s Sandwich – Buffalo,Food,500,,27,4,0,60,1500,39,<1,4,24,484
Wendy’s,Chili Cheese Fries,Food,500,,25,8,0.5,35,710,53,6,4,16,496
Burger King,"CROISSAN’WICH Sausage, Egg & Cheese",Food,500,300,33,13,0,195,930,30,1,4,19,498
Burger King,Original Chicken Sandwich,Food,660,360,40,7,0,75,1170,48,2,5,28,644
McDonald’s,Ranch Snack Wrap (Grilled),Food,270,90,10,4,0,45,830,26,1,2,18,258
Burger King,Ken’s Ranch Dressing,Sauce,260,250,28,4,0,10,240,2,0,2,1,265
KFC,KFC Creamy Parmesan Caesar Dressing,Food,260,,26,5,0,15,540,4,0,2,2,265
Burger King,"Ham, Egg, & Cheese Biscuit",Food,400,210,24,12,0,175,1550,29,1,3,17,398
KFC,Ranch – Dipping Sauce Cup,Food,130,,14,2.5,0,10,240,2,0,1,0,133.5
McDonald’s,Angus Deluxe Snack Wrap,Food,410,220,25,10,1.5,75,990,27,2,3,20,403
Burger King,"Bacon, Egg & Cheese Biscuit",Food,400,230,26,13,0,170,1270,29,1,3,13,403
McDonald’s,Southern Style Chicken Biscuit (Regular Size Biscuit),Food,410,180,20,8,0,30,1180,41,2,3,17,404
McDonald’s,"Bacon, Egg & Cheese Biscuit (Regular Size Biscuit)",Food,420,210,23,12,0,235,1160,37,2,3,15,420
Burger King,Double CROISSAN’WICH with Sausage,Food,710,470,52,20,0.5,240,1420,31,1,5,29,706
Wendy’s,Two Sausage and Egg Burritos,Food,720,,41,16,0,420,1830,59,2,5,34,707
Burger King,Ranch Dipping Sauce (1 oz),Sauce,140,140,15,2.5,0,10,85,1,0,1,1,143
KFC,Chicken Pot Pie,Food,720,,41,25,0,80,1750,60,7,5,26,724
McDonald’s,Sausage Burrito,Food,300,140,16,7,0,115,830,26,1,2,12,297
McDonald’s,McSkillet™ Burrito with Sausage,Food,610,320,36,14,0.5,410,1390,44,3,4,27,601
Burger King,Fully Loaded Biscuit,Food,640,400,45,20,0,225,2190,31,1,4,28,636
McDonald’s,Sausage Biscuit (Large Size Biscuit),Food,480,280,31,13,0,30,1190,39,3,3,11,485
KFC,Heinz Buttermilk Dressing,Sauce,160,,17,2,0,10,220,1,0,1,0,163
McDonald’s,Ranch Snack Wrap (Crispy),Food,340,150,17,4.5,0,30,810,33,1,2,14,332.5
Burger King,Crispy Taco,Food,170,80,9,3,0,10,410,19,2,1,5,169
McDonald’s,Creamy Ranch Sauce,Sauce,170,160,18,3,0,10,270,2,0,1,0,174
Wendy’s,Sausage and Egg Burrito,Food,360,,20,8,0,210,920,29,1,2,17,353
Burger King,"Sausage, Egg, & Cheese Biscuit",Food,530,340,38,17,0,195,1440,29,1,3,19,531
Wendy’s,Spicy Chicken Wrap,Food,370,,20,5,0,50,850,30,2,2,18,359
KFC,Biscuit,Food,180,,8,4.5,0,0,520,22,1,1,4,181.5
Burger King,Breakfast Burrito Jr.,Food,370,210,23,8,0,150,930,27,3,2,15,365
McDonald’s,Sausage McMuffin,Food,370,200,22,8,0,45,850,29,2,2,14,366
McDonald’s,Sausage Biscuit with Egg (Large Size Biscuit),Food,570,330,37,15,0,250,1280,42,3,3,18,570
Burger King,EGG-NORMOUS BURRITOΡ,Food,780,380,42,15,0,355,1960,68,3,4,32,767
KFC,Crispy Twister,Food,630,,34,7,0,70,1260,53,4,3,28,612
Burger King,Sausage Biscuit,Food,420,250,28,6,0,35,1050,28,1,2,12,416
McDonald’s,Angus Mushroom & Swiss Snack Wrap,Food,430,230,26,10,1.5,75,730,27,2,2,22,420
Wendy’s,Sausage Breakfast Bowl,Food,640,,42,14,0,270,1540,46,4,3,21,636
Burger King,French Fries – large,Food,430,160,18,2.5,0,0,410,66,7,2,5,430
McDonald’s,Sausage Biscuit (Regular Size Biscuit),Food,430,240,27,12,0,30,1080,34,2,2,11,433
McDonald’s,Sausage McMuffin with Egg,Food,450,250,27,10,0,285,920,30,2,2,21,441
Burger King,French Fries – value (unsalted),Food,220,80,9,1.5,0,0,210,34,3,1,2,221
Wendy’s,Gravy and Sausage Bowl,Food,450,,22,6,0,220,1260,50,4,2,12,446
Wendy’s,Baconator Fries,Food,490,,28,9,0,35,550,45,4,2,14,487
McDonald’s,Big Breakfast (Regular Size Biscuit),Food,740,430,48,17,0,555,1560,51,3,3,28,732
Wendy’s,"Seasoned Home-Style Potatoes, Medium",Food,250,,9,1.5,0,0,750,39,4,1,4,249
Wendy’s,Bacon Breakfast Bowl,Food,510,,28,9,0,245,1390,44,4,2,19,502
McDonald’s,Sausage Biscuit with Egg (Regular Size Biscuit),Food,510,290,33,14,0,250,1170,36,2,2,18,508
KFC,KFC Famous Bowl – Snack Size,Food,270,,14,3.5,0,20,850,27,2,1,11,263.5
McDonald’s,Big Breakfast (Large Size Biscuit),Food,800,470,52,18,0,555,1680,56,4,3,28,793
Burger King,Chicken Fries – 9 pc.,Food,280,150,17,2.5,0,35,850,20,1,1,13,271
KFC,Chicken Whole Wing,Food,290,,25,4,0,45,520,6,1,1,10,285
Burger King,French Fries – small,Food,320,120,13,2,0,0,300,49,5,1,4,319
Wendy’s,"Seasoned Home-Style Potatoes, Large",Food,360,,13,2.5,0,0,1080,57,6,1,5,359
KFC,KFC Famous Bowl,Food,740,,35,6,0,45,2350,81,6,2,26,722
Burger King,French Fries – medium,Food,380,140,16,2,0,0,360,58,6,1,4,379
KFC,Thigh,Food,390,,32,6,0,65,900,12,2,1,13,384
Wendy’s,4 Piece Chicken Tenders,Food,430,,21,3.5,0,100,1350,29,0,1,32,403
KFC,Chicken Thigh,Food,500,,40,7,0,100,970,11,1,1,22,486
KFC,Breast,Food,540,,40,7,0,100,1390,14,2,1,31,517
Burger King,Spicy Chicken Nuggets- 10 pc,Food,530,330,37,7,0,55,1420,28,4,1,20,518
KFC,Mashed Potatoes With Gravy (Family),Food,590,,21,5,0,0,2590,88,6,1,12,584
Wendy’s,6 Piece Chicken Tenders,Food,650,,32,5,0,150,2020,43,0,1,48,608
KFC,Chicken Breast,Food,770,,60,10,0,105,1530,21,1,1,35,746
Burger King,Chicken Nuggets- 20pc,Food,860,490,54,9,0,115,1570,53,3,1,39,831
Burger King,Spicy Chicken Nuggets- 20 pc,Food,1050,670,74,15,0,110,2840,56,9,1,40,1026
McDonald’s,Small French Fries,Food,230,100,11,1.5,0,0,160,29,3,0,3,228.5
McDonald’s,Medium French Fries,Food,380,170,19,2.5,0,0,270,48,5,0,4,378.5
McDonald’s,Large French Fries,Food,500,220,25,3.5,0,0,350,63,6,0,6,497.5
McDonald’s,Chicken McNuggets (4 piece),Food,190,110,12,2,0,25,360,12,1,0,9,183
McDonald’s,Chicken McNuggets (6 piece),Food,280,160,18,3,0,40,540,18,1,0,13,270
McDonald’s,Chicken McNuggets (10 piece),Food,470,270,30,5,0,65,900,30,2,0,22,453
McDonald’s,Chicken Selects Premium Breast Strips (3 pc),Food,400,210,24,3.5,0,50,1010,23,0,0,23,380.5
McDonald’s,Chicken Selects Premium Breast Strips (5 pc),Food,660,360,40,6,0,85,1680,39,0,0,38,628
McDonald’s,Spicy Buffalo Sauce,Sauce,60,50,6,1,0,0,800,1,1,0,0,61
McDonald’s,Butter Garlic Croutons,Food,60,15,1.5,0,0,0,140,10,1,0,2,58
McDonald’s,Whipped Margarine (1 pat),Food,40,40,4.5,1.5,0,0,55,0,0,0,0,41.5
McDonald’s,Hash Brown,Food,150,80,9,1.5,0,0,310,15,2,0,1,150.5
McDonald’s,Peanuts (for Sundaes),Food,45,30,3.5,0.5,0,0,0,2,1,0,2,43.5
Burger King,Chicken Nuggets- 4pc,Food,170,100,11,1.5,0,25,310,11,1,0,8,164
Burger King,Chicken Nuggets- 6pc,Food,260,150,16,2.5,0,35,470,16,1,0,12,251
Burger King,Chicken Nuggets- 10pc,Food,430,240,27,4.5,0,55,780,27,2,0,20,415
Burger King,Spicy Chicken Nuggets- 4pc,Food,210,130,15,3,0,20,570,11,2,0,8,205
Burger King,Spicy Chicken Nuggets- 6pc,Food,320,200,22,4.5,0,35,850,17,3,0,12,313
Burger King,Chicken Nuggets- 4pc,Food,170,100,11,1.5,0,25,310,11,1,0,8,164
Burger King,Chicken Nuggets- 6pc,Food,260,150,16,2.5,0,35,470,16,1,0,12,251
Burger King,Hash Browns – small,Food,250,150,16,3.5,0,0,580,24,3,0,2,252
Burger King,Hash Browns – medium,Food,500,290,33,7,0,0,1140,48,7,0,4,503
Burger King,Hash Browns – large,Food,670,390,44,9,0,0,1530,65,9,0,5,674
Burger King,American Cheese (slice),Food,40,30,3.5,2,0,10,180,1,0,0,2,40
Burger King,Mayonnaise (Packet),Sauce,80,80,9,0.5,0,10,75,1,0,0,0,81
Burger King,Zesty Onion Ring Dipping Sauce (1 oz),Sauce,150,140,15,2.5,0,20,240,3,0,0,0,153
Wendy’s,3 Piece Chicken Tenders,Food,330,,16,2.5,0,75,1010,22,0,0,24,309
Wendy’s,4 Piece Chicken Nuggets,Food,170,,11,2,0,35,340,10,0,0,9,163
Wendy’s,6 Picece Chicken Nuggets,Food,250,,16,3.5,0,50,510,14,1,0,13,241
Wendy’s,10 Piece Chicken Nuggets,Food,420,,27,5,0,80,850,24,1,0,22,403
Wendy’s,"Natural-Cut Fries, Junior",Food,230,,10,2,0,0,15,30,3,0,3,229
Wendy’s,"Natural-Cut Fries, Large",Food,530,,24,4.5,0,0,520,70,6,0,7,528
Wendy’s,"Natural-Cut Fries, Medium",Food,420,,19,3.5,0,0,420,56,5,0,6,418
Wendy’s,"Natural-Cut Fries, Small",Food,320,,15,2.5,0,0,320,43,4,0,5,318
Wendy’s,"Brewed Unsweetened Iced Tea, Large",Drink,5,,0,0,0,0,25,2,0,0,0,5
Wendy’s,"Minute Maid Light Lemonade, Large",Drink,15,,0,0,0,0,10,2,0,0,0,15
Wendy’s,"Minute Maid Light Lemonade, Medium",Drink,10,,0,0,0,0,10,1,0,0,0,10
Wendy’s,"Minute Maid Light Lemonade, Small",Drink,5,,0,0,0,0,5,1,0,0,0,5
Wendy’s,"Skinny Vanilla Iced Coffee, Medium",Drink,100,,8,5,0,25,45,14,0,0,3,102
Wendy’s,"Skinny Vanilla Iced Coffee, Small",Drink,70,,5,3.5,0,15,30,6,0,0,2,72
Wendy’s,Kids 2 Piece Chicken Tenders,Food,200,,10,1.5,0,45,620,13,0,0,15,187
Wendy’s,Kids 4 Piece Chicken Nuggets,Food,170,,11,2,0,35,340,10,0,0,9,163
Wendy’s,"Seasoned Home-Style Potatoes, Small",Food,230,,8,1.5,0,0,680,35,4,0,3,229
KFC,Limited Time ORIGINAL RECIPE CHICKEN Chicken Breast,Food,390,,21,4,0,120,1190,11,2,0,39,355
KFC,Limited Time ORIGINAL RECIPE CHICKEN Chicken Limited Time Drumstick,Food,130,,8,1.5,0,55,430,4,1,0,12,119.5
KFC,Limited Time ORIGINAL RECIPE CHICKEN Chicken Thigh,Food,280,,19,4.5,0,100,910,8,1,0,19,265.5
KFC,Limited Time ORIGINAL RECIPE CHICKEN Chicken Whole Wing,Food,130,,8,2,0,55,380,3,0,0,10,122
KFC,Chicken Drumstick,Food,250,,21,3.5,0,50,530,6,1,0,11,242.5
KFC,Breast,Food,260,,12,3,0,130,790,1,0,0,38,225
KFC,Drumstick,Food,100,,6,1.5,0,55,260,0,0,0,11,90.5
KFC,Thigh,Food,180,,12,3.5,0,90,470,0,0,0,17,166.5
KFC,Whole Wing,Food,90,,6,1.5,0,45,210,1,0,0,9,82.5
KFC,Drumstick,Food,190,,14,2.5,0,40,510,6,1,0,9,183.5
KFC,Whole Wing,Food,180,,15,2.5,0,35,450,5,1,0,8,174.5
KFC,EXTRA CRISPY  Chicken Breast,Food,530,,35,6,0,105,1150,18,0,0,35,501
KFC,EXTRA CRISPY  Chicken Drumstick,Food,170,,12,2,0,50,390,5,0,0,10,162
KFC,EXTRA CRISPY  Chicken Thigh,Food,330,,23,4.5,0,100,700,9,0,0,22,312.5
KFC,EXTRA CRISPY  Chicken Whole Wing,Food,170,,13,2,0,45,340,5,0,0,10,162
KFC,KENTUCKY GRILLED CHICKEN Breast,Food,210,,7,2,0,130,710,0,0,0,38,174
KFC,KENTUCKY GRILLED CHICKEN Drumstick,Food,80,,4,1,0,55,220,0,0,0,11,70
KFC,KENTUCKY GRILLED CHICKEN Thigh,Food,150,,9,3,0,90,420,0,0,0,17,136
KFC,KENTUCKY GRILLED CHICKEN Whole Wing,Food,70,,3,1,0,45,180,0,0,0,9,62
KFC,SPICY CRISPY CHICKEN Breast,Food,350,,20,3.5,0,100,1100,11,1,0,30,323.5
KFC,SPICY CRISPY CHICKEN Drumstick,Food,130,,8,1.5,0,40,420,5,1,0,9,122.5
KFC,SPICY CRISPY CHICKEN Thigh,Food,270,,20,3.5,0,65,720,10,1,0,13,260.5
KFC,SPICY CRISPY CHICKEN Whole Wing,Food,120,,8,1.5,0,35,350,5,0,0,7,114.5
KFC,EXTRA CRISPY  Tender (each),Food,260,,14,2,0,50,610,15,<1,0,19,243
KFC,EXTRA CRISPY  Tender (each),Food,220,,16,2.5,0,25,460,9,<1,0,10,212.5
KFC,KENTUCKY FRIED WINGS Buffalo,Food,100,,7,1.5,0,20,310,3,0,0,5,96.5
KFC,KENTUCKY FRIED WINGS Nashville Hot,Food,130,,11,2,0,20,230,4,0,0,5,127
KFC,KENTUCKY FRIED WINGS Unsauced,Food,80,,6,1,0,20,150,3,0,0,5,76
KFC,POPCORN NUGGETS Kids,Food,290,,19,2.5,0,30,870,19,1,0,13,279.5
KFC,POPCORN NUGGETS Large,Food,620,,39,5,0,65,1820,39,2,0,27,598
KFC,Mashed Potatoes,Food,110,,3.5,0.5,0,0,330,17,1,0,2,108.5
KFC,Mashed Potatoes With Gravy,Food,130,,4.5,1,0,0,520,20,1,0,3,128
KFC,Secret Recipe Fries,Food,320,,15,2,0,0,1100,41,3,0,5,317
KFC,Mashed Potatoes (Family),Food,460,,15,3,0,0,1410,72,6,0,9,454
KFC,Secret Recipe Fries (Family),Food,840,,40,5,0,0,2890,108,9,0,13,832
KFC,Parmesan Garlic Croutons,Food,60,,3,0,0,0,135,8,<1,0,2,58
KFC,Colonel’s Buttery Spread,Sauce,35,,4,1.5,0,0,35,0,0,0,0,36.5
KFC,Lemon Juice Packet,Sauce,5,,0,0,0,0,20,1,0,0,0,5
KFC,Diet Mist Twst (30 fl oz),Drink,5,,0,0,0,0,95,0,0,0,0,5
KFC,Diet Mountain Dew (16 fl oz),Drink,5,,0,0,0,0,75,1,0,0,0,5
KFC,Lipton Brisk No Calorie Peach Iced Green Tea (20 fl oz),Drink,5,,0,0,0,0,180,0,0,0,0,5
KFC,Lipton Brisk No Calorie Peach Iced Green Tea (30 fl oz),Drink,10,,0,0,0,0,270,0,0,0,0,10
KFC,Sobe Lifewater Yumberry Pomegranate (30 fl oz),Drink,5,,0,0,0,0,120,1,0,0,0,5
KFC,Tropicana Light Lemonade (12 fl oz),Drink,5,,0,0,0,0,140,0,0,0,0,5
KFC,Tropicana Light Lemonade (16 fl oz),Drink,10,,0,0,0,0,190,0,0,0,0,10
KFC,Tropicana Light Lemonade (20 fl oz),Drink,10,,0,0,0,0,240,0,0,0,0,10
KFC,Tropicana Light Lemonade (30 fl oz),Drink,15,,0,0,0,0,350,1,0,0,0,15
KFC,Country Fried Steak without Peppered White Gravy,Food,360,,24,7,1,35,750,22,2,0,13,354
KFC,Country Fried Steak with Peppered White Gravy,Food,390,,26,7,1,35,910,26,2,0,13,384
KFC,KFC Gizzards,Food,300,,16,2,0,210,770,18,<1,0,20,282
KFC,KFC Livers,Food,230,,13,2.5,0,285,750,12,0,0,17,215.5
